datetime,latitude,longitude,temperature,wind_speed,wind_direction
2017-11-07 07:00:00,20.0,97.5,13.128076171875023,13.726041818959947,43.22849407827992
2017-11-07 07:00:00,20.0,98.0,15.928094482421898,11.048007466386052,57.95946209399658
2017-11-07 07:00:00,20.0,98.5,16.128076171875023,10.67524477540551,69.71398089011761
2017-11-07 07:00:00,20.0,99.0,15.828088378906273,10.130219419006067,64.5751244524941
2017-11-07 07:00:00,20.0,99.5,16.028070068359398,24.120322733422682,49.98469513314579
2017-11-07 07:00:00,20.0,100.0,19.028070068359398,30.652381936511663,49.779527187085236
2017-11-07 07:00:00,20.0,100.5,17.428094482421898,24.739195602024594,53.183171907357156
2017-11-07 07:00:00,20.0,101.0,16.028070068359398,20.285123835280665,54.923726732872794
2017-11-07 07:00:00,20.0,101.5,15.928094482421898,23.928716314594844,61.141421880494235
2017-11-07 07:00:00,20.0,102.0,17.028070068359398,29.77770417023199,64.75225064697177
2017-11-07 07:00:00,20.0,102.5,14.728082275390648,23.774243786982815,66.8327488469983
2017-11-07 07:00:00,20.0,103.0,16.128076171875023,23.342906661578972,72.4232063593767
2017-11-07 07:00:00,20.0,103.5,13.228082275390648,13.885332460390359,66.6600149781693
2017-11-07 07:00:00,20.0,104.0,14.928094482421898,16.254508996864427,61.591418690803216
2017-11-07 07:00:00,20.0,104.5,15.828088378906273,15.866315976240928,55.9440183568024
2017-11-07 07:00:00,20.0,105.0,16.628076171875023,15.827988083539724,40.60310163962976
2017-11-07 07:00:00,20.0,105.5,20.728082275390648,24.460745873392288,24.998808990576443
2017-11-07 07:00:00,19.5,97.5,15.628076171875023,11.116982394044863,53.470853547843184
2017-11-07 07:00:00,19.5,98.0,16.828088378906273,11.243927596781857,61.754584496427576
2017-11-07 07:00:00,19.5,98.5,15.828088378906273,13.734827067600612,63.06693759846971
2017-11-07 07:00:00,19.5,99.0,17.528070068359398,22.557103884481712,58.132482417070015
2017-11-07 07:00:00,19.5,99.5,16.428094482421898,27.214655027878806,45.92886338540692
2017-11-07 07:00:00,19.5,100.0,18.928094482421898,27.133596225406183,49.26823001029035
2017-11-07 07:00:00,19.5,100.5,16.528070068359398,19.225526649526913,52.404450120197446
2017-11-07 07:00:00,19.5,101.0,17.428094482421898,21.650376225515497,57.31014828564887
2017-11-07 07:00:00,19.5,101.5,16.028070068359398,25.894990431109882,43.61040531649637
2017-11-07 07:00:00,19.5,102.0,15.828088378906273,20.989653615774284,48.56916045132233
2017-11-07 07:00:00,19.5,102.5,14.628076171875023,19.005118088408125,57.479490114688545
2017-11-07 07:00:00,19.5,103.0,14.028070068359398,23.05336191786074,67.62089657627621
2017-11-07 07:00:00,19.5,103.5,13.728082275390648,19.795887956581925,60.61560140279293
2017-11-07 07:00:00,19.5,104.0,14.428094482421898,12.462734604651654,63.62150622159755
2017-11-07 07:00:00,19.5,104.5,17.328088378906273,14.197333847990711,48.0146129350152
2017-11-07 07:00:00,19.5,105.0,18.828088378906273,31.230868279114798,32.11095476885176
2017-11-07 07:00:00,19.5,105.5,19.428094482421898,28.62254288861674,35.80523455062335
2017-11-07 07:00:00,19.0,97.5,16.528070068359398,14.738614540799864,55.68312106993609
2017-11-07 07:00:00,19.0,98.0,16.728082275390648,17.523037205316527,60.61855853967906
2017-11-07 07:00:00,19.0,98.5,15.428094482421898,14.927986010111654,54.15768591333266
2017-11-07 07:00:00,19.0,99.0,19.128076171875023,20.083471178220318,45.09666550148054
2017-11-07 07:00:00,19.0,99.5,16.328088378906273,23.62856757591271,38.3389628610545
2017-11-07 07:00:00,19.0,100.0,17.528070068359398,23.25467667518062,41.63199073028921
2017-11-07 07:00:00,19.0,100.5,17.028070068359398,17.487799673816596,41.85676922836262
2017-11-07 07:00:00,19.0,101.0,19.028070068359398,13.498680889661603,32.62218404314714
2017-11-07 07:00:00,19.0,101.5,18.928094482421898,17.901250338936624,30.870413034943958
2017-11-07 07:00:00,19.0,102.0,17.728082275390648,12.29283415755987,35.26339914942457
2017-11-07 07:00:00,19.0,102.5,17.828088378906273,8.191527246163963,37.38029545702852
2017-11-07 07:00:00,19.0,103.0,14.828088378906273,12.022649861880746,26.52459117348734
2017-11-07 07:00:00,19.0,103.5,18.428094482421898,7.099840724578407,56.86201074086549
2017-11-07 07:00:00,19.0,104.0,15.828088378906273,20.142839115074715,31.354970481651335
2017-11-07 07:00:00,19.0,104.5,14.528070068359398,22.809377724665232,45.78851329232481
2017-11-07 07:00:00,19.0,105.0,20.328088378906273,30.960459471320043,52.812747531637854
2017-11-07 07:00:00,19.0,105.5,20.228082275390648,28.764095738825887,45.21961150944664
2017-11-07 07:00:00,18.5,97.5,16.228082275390648,23.59258967661376,59.58160438791263
2017-11-07 07:00:00,18.5,98.0,17.128076171875023,19.407439176205926,62.03363514232558
2017-11-07 07:00:00,18.5,98.5,15.228082275390648,11.635789631124487,49.05599140123107
2017-11-07 07:00:00,18.5,99.0,19.328088378906273,25.094371291377485,48.508700016426275
2017-11-07 07:00:00,18.5,99.5,19.728082275390648,20.98758242725455,54.58838399809147
2017-11-07 07:00:00,18.5,100.0,18.128076171875023,22.700525072298873,50.297329406548705
2017-11-07 07:00:00,18.5,100.5,18.028070068359398,19.356831760805775,46.9844088216314
2017-11-07 07:00:00,18.5,101.0,18.228082275390648,16.251416981188896,47.18416205204856
2017-11-07 07:00:00,18.5,101.5,19.528070068359398,14.904062685999968,61.300445331798656
2017-11-07 07:00:00,18.5,102.0,18.228082275390648,13.484767477267852,59.01977106858035
2017-11-07 07:00:00,18.5,102.5,20.128076171875023,13.992583956241424,73.74296835033762
2017-11-07 07:00:00,18.5,103.0,20.728082275390648,15.948021967704086,80.67117224526231
2017-11-07 07:00:00,18.5,103.5,18.928094482421898,25.411875343679828,47.9474406917242
2017-11-07 07:00:00,18.5,104.0,19.228082275390648,46.84310355731386,54.86688103203702
2017-11-07 07:00:00,18.5,104.5,17.628076171875023,48.78164729126958,55.38169664340034
2017-11-07 07:00:00,18.5,105.0,14.228082275390648,29.326368619649045,36.02775138634466
2017-11-07 07:00:00,18.5,105.5,19.828088378906273,30.97794047199924,53.998163866510176
2017-11-07 07:00:00,18.0,97.5,17.328088378906273,26.64836583352198,66.9513298267556
2017-11-07 07:00:00,18.0,98.0,17.228082275390648,32.72997060723296,73.59242313912131
2017-11-07 07:00:00,18.0,98.5,16.728082275390648,25.61791914192513,61.292726221202486
2017-11-07 07:00:00,18.0,99.0,17.528070068359398,32.02669870375293,49.07160849310129
2017-11-07 07:00:00,18.0,99.5,17.928094482421898,26.383161373274703,53.89915007780339
2017-11-07 07:00:00,18.0,100.0,18.628076171875023,26.354629289013612,68.2891416243102
2017-11-07 07:00:00,18.0,100.5,19.628076171875023,25.98845257815979,68.82100523037538
2017-11-07 07:00:00,18.0,101.0,19.028070068359398,24.860464997436544,70.2979565511517
2017-11-07 07:00:00,18.0,101.5,19.328088378906273,19.8705183868768,62.62347440516045
2017-11-07 07:00:00,18.0,102.0,18.428094482421898,18.630748883126394,64.25293838918337
2017-11-07 07:00:00,18.0,102.5,20.828088378906273,28.91362714642738,72.77679206049854
2017-11-07 07:00:00,18.0,103.0,21.928094482421898,39.902029679579556,65.31985884863998
2017-11-07 07:00:00,18.0,103.5,20.628076171875023,35.30796603532134,60.442736680327144
2017-11-07 07:00:00,18.0,104.0,20.128076171875023,24.685440464559697,77.38045554964928
2017-11-07 07:00:00,18.0,104.5,19.228082275390648,36.580646315803776,63.09503744989968
2017-11-07 07:00:00,18.0,105.0,17.228082275390648,47.25860351094576,49.42794205282686
2017-11-07 07:00:00,18.0,105.5,13.928094482421898,41.8830796079844,33.97422233597889
2017-11-07 07:00:00,17.5,97.5,20.128076171875023,23.86476384418003,98.78019860209831
2017-11-07 07:00:00,17.5,98.0,19.128076171875023,33.7438873972711,92.88574927128604
2017-11-07 07:00:00,17.5,98.5,15.028070068359398,26.513029911115805,59.58824646630091
2017-11-07 07:00:00,17.5,99.0,17.728082275390648,29.51661897764098,68.17562762956298
2017-11-07 07:00:00,17.5,99.5,18.428094482421898,30.479269126585987,74.32054907953527
2017-11-07 07:00:00,17.5,100.0,20.328088378906273,25.302866002968436,77.10856745807912
2017-11-07 07:00:00,17.5,100.5,19.828088378906273,26.57755713045039,70.55165836467052
2017-11-07 07:00:00,17.5,101.0,17.928094482421898,27.791322007604197,69.93858483411303
2017-11-07 07:00:00,17.5,101.5,18.328088378906273,24.371454958765042,66.14296364690888
2017-11-07 07:00:00,17.5,102.0,19.828088378906273,29.68936366464478,63.51326084007974
2017-11-07 07:00:00,17.5,102.5,21.728082275390648,37.143533033848726,63.348537327268666
2017-11-07 07:00:00,17.5,103.0,21.428094482421898,33.40040413662019,55.776420434895265
2017-11-07 07:00:00,17.5,103.5,20.828088378906273,20.58536909781504,58.61303110180515
2017-11-07 07:00:00,17.5,104.0,20.728082275390648,25.55299088846792,65.54797524341083
2017-11-07 07:00:00,17.5,104.5,20.228082275390648,35.46961957198623,66.44062344594964
2017-11-07 07:00:00,17.5,105.0,18.928094482421898,48.960352981198405,57.74553885986121
2017-11-07 07:00:00,17.5,105.5,21.028070068359398,57.219407672999196,61.52456515244157
2017-11-07 07:00:00,17.0,97.5,20.328088378906273,31.91944822405875,100.01470294790188
2017-11-07 07:00:00,17.0,98.0,19.828088378906273,27.69257385388444,90.90795475628116
2017-11-07 07:00:00,17.0,98.5,19.028070068359398,42.68347716156236,82.00977666097135
2017-11-07 07:00:00,17.0,99.0,18.928094482421898,34.44099111668011,71.10502431681182
2017-11-07 07:00:00,17.0,99.5,19.528070068359398,28.326488298883906,69.94628665992106
2017-11-07 07:00:00,17.0,100.0,19.928094482421898,23.156667141161893,80.35138609238501
2017-11-07 07:00:00,17.0,100.5,20.128076171875023,24.02242026496994,78.60736743751889
2017-11-07 07:00:00,17.0,101.0,17.428094482421898,20.5968200607777,71.36585535321309
2017-11-07 07:00:00,17.0,101.5,18.228082275390648,29.040566464254184,67.10685457639477
2017-11-07 07:00:00,17.0,102.0,20.728082275390648,33.64246064464645,64.73802919997414
2017-11-07 07:00:00,17.0,102.5,21.028070068359398,31.10611803574051,63.48003860257908
2017-11-07 07:00:00,17.0,103.0,20.928094482421898,26.599080361799892,62.96747992699812
2017-11-07 07:00:00,17.0,103.5,20.728082275390648,28.37149888009247,65.50064147754374
2017-11-07 07:00:00,17.0,104.0,20.128076171875023,39.8275694136465,64.81363155934288
2017-11-07 07:00:00,17.0,104.5,20.428094482421898,47.741685548335944,67.7190635996994
2017-11-07 07:00:00,17.0,105.0,19.928094482421898,58.60570186834474,63.04964279625146
2017-11-07 07:00:00,17.0,105.5,19.928094482421898,64.25919119128426,64.05970105589158
2017-11-07 07:00:00,16.5,97.5,21.928094482421898,30.99746816891082,98.69648065095646
2017-11-07 07:00:00,16.5,98.0,20.728082275390648,32.715918658970864,95.12560403070059
2017-11-07 07:00:00,16.5,98.5,18.128076171875023,43.533529907414064,80.63331758722734
2017-11-07 07:00:00,16.5,99.0,16.128076171875023,30.253064563722425,63.20689051424323
2017-11-07 07:00:00,16.5,99.5,19.828088378906273,24.655248442491537,76.9357024380762
2017-11-07 07:00:00,16.5,100.0,19.628076171875023,22.878345209150165,85.05228634986506
2017-11-07 07:00:00,16.5,100.5,21.128076171875023,26.000010457675838,89.14233935616608
2017-11-07 07:00:00,16.5,101.0,18.228082275390648,25.34629376356081,64.43657189858745
2017-11-07 07:00:00,16.5,101.5,16.128076171875023,32.347316283400595,60.25426825687302
2017-11-07 07:00:00,16.5,102.0,20.928094482421898,39.439258178773294,74.00869437391401
2017-11-07 07:00:00,16.5,102.5,21.428094482421898,34.401579886668976,67.2324604690054
2017-11-07 07:00:00,16.5,103.0,21.728082275390648,37.32551989094276,68.57037965194701
2017-11-07 07:00:00,16.5,103.5,21.928094482421898,42.653108240814134,67.94921996507382
2017-11-07 07:00:00,16.5,104.0,21.228082275390648,50.835629571298846,70.9967607076444
2017-11-07 07:00:00,16.5,104.5,20.828088378906273,59.84470870258653,68.92331795664064
2017-11-07 07:00:00,16.5,105.0,21.428094482421898,60.08880036379648,68.60801820033697
2017-11-07 07:00:00,16.5,105.5,21.628076171875023,61.857024555731215,72.21578066509353
2017-11-07 07:00:00,16.0,97.5,29.228082275390648,28.767373056364267,107.49228274650888
2017-11-07 07:00:00,16.0,98.0,21.028070068359398,29.38600527679542,102.7528074379284
2017-11-07 07:00:00,16.0,98.5,19.028070068359398,26.051658555919463,86.29117106977846
2017-11-07 07:00:00,16.0,99.0,15.528070068359398,27.731300721520125,69.41732005456467
2017-11-07 07:00:00,16.0,99.5,19.928094482421898,29.637347858496753,79.37374372289759
2017-11-07 07:00:00,16.0,100.0,19.828088378906273,31.66690984553904,84.2053850024978
2017-11-07 07:00:00,16.0,100.5,20.428094482421898,36.674843770750336,83.47253056224761
2017-11-07 07:00:00,16.0,101.0,21.328088378906273,42.25665568200463,83.8961611349684
2017-11-07 07:00:00,16.0,101.5,20.428094482421898,47.310248021404355,83.27871107869332
2017-11-07 07:00:00,16.0,102.0,19.628076171875023,46.9237579030897,69.53110930387649
2017-11-07 07:00:00,16.0,102.5,21.928094482421898,50.37976036429425,74.5923020797611
2017-11-07 07:00:00,16.0,103.0,21.628076171875023,52.245097591638796,71.36167314067502
2017-11-07 07:00:00,16.0,103.5,21.428094482421898,57.44823514705926,70.38085987692263
2017-11-07 07:00:00,16.0,104.0,21.528070068359398,58.80531726126575,70.96285662382836
2017-11-07 07:00:00,16.0,104.5,21.028070068359398,54.042022577408055,73.87954534651419
2017-11-07 07:00:00,16.0,105.0,20.828088378906273,55.0230935420227,76.65384468252982
2017-11-07 07:00:00,16.0,105.5,22.128076171875023,56.09937559065138,74.2950528406188
2017-11-07 07:00:00,15.5,97.5,29.228082275390648,29.061026904289115,109.02810134726488
2017-11-07 07:00:00,15.5,98.0,19.728082275390648,37.498835702183825,103.89771485414549
2017-11-07 07:00:00,15.5,98.5,19.128076171875023,45.87856132608428,95.6826463092804
2017-11-07 07:00:00,15.5,99.0,16.628076171875023,43.96831818527685,79.0588968132714
2017-11-07 07:00:00,15.5,99.5,20.028070068359398,38.586554231242225,77.67405477741316
2017-11-07 07:00:00,15.5,100.0,20.028070068359398,41.15250877971693,79.27090589172683
2017-11-07 07:00:00,15.5,100.5,20.628076171875023,46.21163385029223,81.99278395737781
2017-11-07 07:00:00,15.5,101.0,21.528070068359398,52.049522297195004,84.09238940637965
2017-11-07 07:00:00,15.5,101.5,20.528070068359398,56.12798855647304,80.37019723975239
2017-11-07 07:00:00,15.5,102.0,21.228082275390648,57.782076175487624,77.52148143769881
2017-11-07 07:00:00,15.5,102.5,21.828088378906273,59.46030565583494,74.7007927562057
2017-11-07 07:00:00,15.5,103.0,21.628076171875023,59.53086360466546,71.71526800182689
2017-11-07 07:00:00,15.5,103.5,21.328088378906273,56.253895687855966,69.86856362320574
2017-11-07 07:00:00,15.5,104.0,21.428094482421898,47.31643169354925,71.18885015573981
2017-11-07 07:00:00,15.5,104.5,22.028070068359398,37.74965211343932,76.38649803241827
2017-11-07 07:00:00,15.5,105.0,22.328088378906273,29.44155075828391,82.142045283691
2017-11-07 07:00:00,15.5,105.5,22.228082275390648,25.683000930695425,88.40877475321591
2017-11-07 07:00:00,15.0,97.5,29.128076171875023,22.289973170886118,116.90594472436787
2017-11-07 07:00:00,15.0,98.0,19.328088378906273,31.3067826169839,117.10241535770197
2017-11-07 07:00:00,15.0,98.5,20.728082275390648,32.4636206418617,110.59390357182552
2017-11-07 07:00:00,15.0,99.0,18.428094482421898,48.588409220753945,80.23952246832505
2017-11-07 07:00:00,15.0,99.5,19.528070068359398,42.612360350426506,74.77675840481312
2017-11-07 07:00:00,15.0,100.0,20.428094482421898,45.939697646452295,76.36557983664696
2017-11-07 07:00:00,15.0,100.5,20.828088378906273,47.1328058289962,78.10720863834042
2017-11-07 07:00:00,15.0,101.0,21.228082275390648,52.452080423098394,77.44128495315123
2017-11-07 07:00:00,15.0,101.5,19.628076171875023,61.42200848359415,75.4090873360012
2017-11-07 07:00:00,15.0,102.0,21.128076171875023,61.66219092488411,72.78913226613294
2017-11-07 07:00:00,15.0,102.5,21.028070068359398,58.113002780981304,68.91195798483807
2017-11-07 07:00:00,15.0,103.0,21.028070068359398,49.16169739743718,64.45799741416381
2017-11-07 07:00:00,15.0,103.5,21.028070068359398,36.15240402164457,62.29995932285132
2017-11-07 07:00:00,15.0,104.0,21.528070068359398,24.62060422782905,64.27874191173082
2017-11-07 07:00:00,15.0,104.5,22.528070068359398,16.22059083786488,69.904451794496
2017-11-07 07:00:00,15.0,105.0,22.628076171875023,11.908603422344946,82.7387178405654
2017-11-07 07:00:00,15.0,105.5,22.428094482421898,12.391800899468478,91.19679045059598
2017-11-07 07:00:00,14.5,97.5,28.928094482421898,16.218709809882725,108.93472111124223
2017-11-07 07:00:00,14.5,98.0,20.528070068359398,21.5315099477556,120.34802529399623
2017-11-07 07:00:00,14.5,98.5,17.828088378906273,47.275344821277805,89.44106029414765
2017-11-07 07:00:00,14.5,99.0,21.628076171875023,42.026742468943134,84.06005427230392
2017-11-07 07:00:00,14.5,99.5,20.528070068359398,35.82856906969432,76.35331155274868
2017-11-07 07:00:00,14.5,100.0,20.928094482421898,37.56546242147553,76.14885654110755
2017-11-07 07:00:00,14.5,100.5,20.928094482421898,34.28397303631293,82.9545118563496
2017-11-07 07:00:00,14.5,101.0,21.128076171875023,29.009711515000127,92.36050358333803
2017-11-07 07:00:00,14.5,101.5,17.928094482421898,55.53094164122039,70.6219211028039
2017-11-07 07:00:00,14.5,102.0,19.628076171875023,55.28887149202523,62.00865506652442
2017-11-07 07:00:00,14.5,102.5,20.228082275390648,44.35449288761638,60.38716651489216
2017-11-07 07:00:00,14.5,103.0,20.628076171875023,27.921598857666766,65.56700094324883
2017-11-07 07:00:00,14.5,103.5,20.728082275390648,20.4956280617347,75.88807614571724
2017-11-07 07:00:00,14.5,104.0,20.928094482421898,21.636083242180078,78.59824674896808
2017-11-07 07:00:00,14.5,104.5,21.328088378906273,23.759535847819816,81.74059046542635
2017-11-07 07:00:00,14.5,105.0,20.228082275390648,24.96660614017994,88.1151375603639
2017-11-07 07:00:00,14.5,105.5,20.728082275390648,25.370867468226173,92.37377753250627
2017-11-07 07:00:00,14.0,97.5,28.828088378906273,15.911137483080232,111.52852187103024
2017-11-07 07:00:00,14.0,98.0,26.928094482421898,13.823614414198735,117.64862473719842
2017-11-07 07:00:00,14.0,98.5,18.128076171875023,40.43977365771406,84.49259973601029
2017-11-07 07:00:00,14.0,99.0,19.928094482421898,35.595278152128884,77.45226309949237
2017-11-07 07:00:00,14.0,99.5,21.728082275390648,28.724062794760552,63.83703545950395
2017-11-07 07:00:00,14.0,100.0,21.228082275390648,26.81169184068096,62.42066672091498
2017-11-07 07:00:00,14.0,100.5,22.828088378906273,26.131405470226344,63.59452406588289
2017-11-07 07:00:00,14.0,101.0,22.128076171875023,29.168082544072206,77.54013488365489
2017-11-07 07:00:00,14.0,101.5,24.228082275390648,34.33179303497792,86.76535412457531
2017-11-07 07:00:00,14.0,102.0,23.128076171875023,31.18697006867305,88.88811198374665
2017-11-07 07:00:00,14.0,102.5,21.428094482421898,32.0920977724686,74.52790154912074
2017-11-07 07:00:00,14.0,103.0,21.528070068359398,27.72511312320599,75.9619419608616
2017-11-07 07:00:00,14.0,103.5,21.828088378906273,26.639456813833174,82.79486113583272
2017-11-07 07:00:00,14.0,104.0,21.128076171875023,25.568269635325404,90.90271488274321
2017-11-07 07:00:00,14.0,104.5,21.728082275390648,25.076221784651743,91.99010689518654
2017-11-07 07:00:00,14.0,105.0,22.528070068359398,24.52122309948609,90.1841702194073
2017-11-07 07:00:00,14.0,105.5,22.528070068359398,25.580014682152616,86.38429603816151
2017-11-07 07:00:00,13.5,97.5,28.828088378906273,24.46396562903245,117.06418581110371
2017-11-07 07:00:00,13.5,98.0,28.628076171875023,21.525436677452795,110.47855491922307
2017-11-07 07:00:00,13.5,98.5,23.228082275390648,24.83144976216589,103.34351550620568
2017-11-07 07:00:00,13.5,99.0,19.428094482421898,37.75831662683971,70.57532933786243
2017-11-07 07:00:00,13.5,99.5,20.528070068359398,29.432379840514432,58.77630219571703
2017-11-07 07:00:00,13.5,100.0,21.828088378906273,31.974196688559314,55.520013553328944
2017-11-07 07:00:00,13.5,100.5,25.328088378906273,34.66454926781619,63.156080785930186
2017-11-07 07:00:00,13.5,101.0,25.028070068359398,37.57430117715451,73.19201641061572
2017-11-07 07:00:00,13.5,101.5,21.928094482421898,38.68335410913677,75.67794396955314
2017-11-07 07:00:00,13.5,102.0,21.828088378906273,34.26674459792027,78.62028717604366
2017-11-07 07:00:00,13.5,102.5,21.528070068359398,26.62220899254356,82.47767542726054
2017-11-07 07:00:00,13.5,103.0,21.828088378906273,23.12356334036335,91.35504269243926
2017-11-07 07:00:00,13.5,103.5,22.428094482421898,26.768462058429083,91.94134873911166
2017-11-07 07:00:00,13.5,104.0,22.228082275390648,27.455857461846705,92.11824268285513
2017-11-07 07:00:00,13.5,104.5,21.628076171875023,30.01870586801617,94.62173803489175
2017-11-07 07:00:00,13.5,105.0,22.428094482421898,34.27753403648417,89.71052447776243
2017-11-07 07:00:00,13.5,105.5,22.528070068359398,36.795419514864406,84.95897148209963
2017-11-07 07:00:00,13.0,97.5,28.828088378906273,31.20984674954124,118.46401051643531
2017-11-07 07:00:00,13.0,98.0,28.728082275390648,26.90638741766071,113.93243423373967
2017-11-07 07:00:00,13.0,98.5,28.528070068359398,21.992870710201117,113.04959759611512
2017-11-07 07:00:00,13.0,99.0,20.228082275390648,41.87770829837037,78.55569235116779
2017-11-07 07:00:00,13.0,99.5,19.428094482421898,39.58783591674212,58.05660538688406
2017-11-07 07:00:00,13.0,100.0,24.028070068359398,41.45223302744763,54.73439039571223
2017-11-07 07:00:00,13.0,100.5,29.028070068359398,36.2533143776449,61.99770919328692
2017-11-07 07:00:00,13.0,101.0,23.628076171875023,28.768157873697007,74.25757858855721
2017-11-07 07:00:00,13.0,101.5,22.228082275390648,29.101368236025486,95.1234723628829
2017-11-07 07:00:00,13.0,102.0,21.428094482421898,31.828253502220164,111.58075343216902
2017-11-07 07:00:00,13.0,102.5,21.428094482421898,36.929133139922534,97.00983377000189
2017-11-07 07:00:00,13.0,103.0,22.028070068359398,32.73923905128193,94.86897275849554
2017-11-07 07:00:00,13.0,103.5,22.828088378906273,32.360464571198065,98.00556753867289
2017-11-07 07:00:00,13.0,104.0,27.228082275390648,34.7879576352317,91.13785611087029
2017-11-07 07:00:00,13.0,104.5,24.528070068359398,34.49528681193251,86.24154417143666
2017-11-07 07:00:00,13.0,105.0,23.228082275390648,36.65152297682494,83.29839534604835
2017-11-07 07:00:00,13.0,105.5,23.028070068359398,37.42777761660934,83.1050506884445
2017-11-07 07:00:00,12.5,97.5,28.528070068359398,34.502568457669526,119.3797573944514
2017-11-07 07:00:00,12.5,98.0,28.128076171875023,29.567851925917648,119.88124533191156
2017-11-07 07:00:00,12.5,98.5,26.528070068359398,28.192726959204048,109.94883812843017
2017-11-07 07:00:00,12.5,99.0,21.928094482421898,31.679572876206613,95.3591429727112
2017-11-07 07:00:00,12.5,99.5,19.128076171875023,50.575122868586696,58.36736963870908
2017-11-07 07:00:00,12.5,100.0,25.528070068359398,46.488712099900795,64.45729047191811
2017-11-07 07:00:00,12.5,100.5,29.128076171875023,34.417597039527934,68.60179346072275
2017-11-07 07:00:00,12.5,101.0,28.428094482421898,27.698279886246482,88.5245761535462
2017-11-07 07:00:00,12.5,101.5,28.328088378906273,29.527833242690107,103.62312563087275
2017-11-07 07:00:00,12.5,102.0,27.528070068359398,28.57401338165481,123.59567183406907
2017-11-07 07:00:00,12.5,102.5,22.628076171875023,26.686197358935832,134.89330820693183
2017-11-07 07:00:00,12.5,103.0,19.628076171875023,27.583838105417247,80.24605788455618
2017-11-07 07:00:00,12.5,103.5,22.228082275390648,37.268363248410196,98.00631346420556
2017-11-07 07:00:00,12.5,104.0,23.828088378906273,37.41826376144368,94.53535428872637
2017-11-07 07:00:00,12.5,104.5,26.028070068359398,35.53920744396574,84.19721443557835
2017-11-07 07:00:00,12.5,105.0,24.728082275390648,34.56407495491176,78.293187315468
2017-11-07 07:00:00,12.5,105.5,23.528070068359398,30.501367837624873,80.70753412520314
2017-11-07 07:00:00,12.0,97.5,28.128076171875023,34.158104300075436,121.60089434351475
2017-11-07 07:00:00,12.0,98.0,27.928094482421898,32.32271207029014,120.68492742249585
2017-11-07 07:00:00,12.0,98.5,27.828088378906273,29.309935346231423,108.48895332255883
2017-11-07 07:00:00,12.0,99.0,21.628076171875023,34.658727351294374,94.95704328779757
2017-11-07 07:00:00,12.0,99.5,19.728082275390648,54.24246297141581,66.25091584836039
2017-11-07 07:00:00,12.0,100.0,28.228082275390648,45.794920979731046,69.19587169935592
2017-11-07 07:00:00,12.0,100.5,28.928094482421898,38.857736569064386,71.92947668211502
2017-11-07 07:00:00,12.0,101.0,28.928094482421898,37.578296181665166,85.17443375904963
2017-11-07 07:00:00,12.0,101.5,28.528070068359398,33.839949235547714,101.79772362740917
2017-11-07 07:00:00,12.0,102.0,28.228082275390648,31.41349576287141,114.1634203788877
2017-11-07 07:00:00,12.0,102.5,28.128076171875023,26.909617500828233,122.82447273309144
2017-11-07 07:00:00,12.0,103.0,20.628076171875023,35.65146384055471,103.20293381969728
2017-11-07 07:00:00,12.0,103.5,19.028070068359398,20.31965849084494,73.1288484992704
2017-11-07 07:00:00,12.0,104.0,21.728082275390648,26.75334411962115,90.24590344462808
2017-11-07 07:00:00,12.0,104.5,24.628076171875023,26.571447787886743,80.57951487148223
2017-11-07 07:00:00,12.0,105.0,25.228082275390648,25.22800236184063,76.06091071098446
2017-11-07 07:00:00,12.0,105.5,25.228082275390648,18.779261346256963,79.6398160706122
2017-11-07 07:00:00,11.5,97.5,28.128076171875023,31.99027935894953,120.43875292710486
2017-11-07 07:00:00,11.5,98.0,27.928094482421898,30.74370526059722,120.32541199430828
2017-11-07 07:00:00,11.5,98.5,28.128076171875023,25.510782636480926,111.97653701881494
2017-11-07 07:00:00,11.5,99.0,21.728082275390648,37.766142927195034,94.27438442547314
2017-11-07 07:00:00,11.5,99.5,23.328088378906273,47.68467972713107,73.06591668463368
2017-11-07 07:00:00,11.5,100.0,28.728082275390648,40.72995991622957,65.57612857676463
2017-11-07 07:00:00,11.5,100.5,28.928094482421898,44.22011677493501,71.98853913769165
2017-11-07 07:00:00,11.5,101.0,29.028070068359398,45.57309868738042,84.52375526229599
2017-11-07 07:00:00,11.5,101.5,28.628076171875023,39.84674627034018,102.37396547748828
2017-11-07 07:00:00,11.5,102.0,28.328088378906273,31.668935298804843,115.17369589575848
2017-11-07 07:00:00,11.5,102.5,27.928094482421898,28.13719901805788,121.39777901215508
2017-11-07 07:00:00,11.5,103.0,28.128076171875023,26.888326450238804,123.03656576194402
2017-11-07 07:00:00,11.5,103.5,22.628076171875023,26.29973244792002,112.04410288173776
2017-11-07 07:00:00,11.5,104.0,22.228082275390648,29.717463292312384,88.34711364478228
2017-11-07 07:00:00,11.5,104.5,24.928094482421898,19.852650209392255,88.04524511493058
2017-11-07 07:00:00,11.5,105.0,26.228082275390648,13.752522871843436,86.12589917512115
2017-11-07 07:00:00,11.5,105.5,26.828088378906273,9.654072402559171,89.18582734689188
2017-11-07 07:00:00,11.0,97.5,28.528070068359398,30.935547538373648,119.19706067719805
2017-11-07 07:00:00,11.0,98.0,28.028070068359398,29.744817631994675,116.07621314103731
2017-11-07 07:00:00,11.0,98.5,28.128076171875023,25.895341928144777,110.1839815160562
2017-11-07 07:00:00,11.0,99.0,21.628076171875023,40.96355304430424,86.8356764651675
2017-11-07 07:00:00,11.0,99.5,26.928094482421898,40.82203844929172,75.97477861868319
2017-11-07 07:00:00,11.0,100.0,29.028070068359398,40.67062964514242,65.76083839746805
2017-11-07 07:00:00,11.0,100.5,29.128076171875023,48.20011123204854,65.89530474074691
2017-11-07 07:00:00,11.0,101.0,28.928094482421898,61.036223740426536,75.59410008356777
2017-11-07 07:00:00,11.0,101.5,28.728082275390648,50.481912576561584,123.21733730822389
2017-11-07 07:00:00,11.0,102.0,28.228082275390648,33.86429432549545,139.9612304982935
2017-11-07 07:00:00,11.0,102.5,28.128076171875023,27.850631340483236,128.17841881608254
2017-11-07 07:00:00,11.0,103.0,27.928094482421898,27.13648859608251,123.42202122850594
2017-11-07 07:00:00,11.0,103.5,27.928094482421898,21.13092468958374,116.9682989777942
2017-11-07 07:00:00,11.0,104.0,22.128076171875023,22.963483625858682,99.49178431854455
2017-11-07 07:00:00,11.0,104.5,24.928094482421898,17.94514917774443,95.54764739223806
2017-11-07 07:00:00,11.0,105.0,26.428094482421898,11.478472995250273,93.81049108974693
2017-11-07 07:00:00,11.0,105.5,28.328088378906273,8.335178612403215,98.24155134524459
2017-11-07 07:00:00,10.5,97.5,28.528070068359398,25.91206234107982,116.68029581843182
2017-11-07 07:00:00,10.5,98.0,28.028070068359398,27.448384371104193,117.85018044674831
2017-11-07 07:00:00,10.5,98.5,25.628076171875023,25.004247324510594,105.5492900849499
2017-11-07 07:00:00,10.5,99.0,23.728082275390648,35.59152029951399,82.04584486064469
2017-11-07 07:00:00,10.5,99.5,28.728082275390648,32.71129542115565,75.61046753543638
2017-11-07 07:00:00,10.5,100.0,29.028070068359398,38.176165138421446,55.42354781164839
2017-11-07 07:00:00,10.5,100.5,29.028070068359398,58.818518932983146,39.49484612949365
2017-11-07 07:00:00,10.5,101.0,29.028070068359398,57.09630681999371,58.28267441201969
2017-11-07 07:00:00,10.5,101.5,28.628076171875023,71.28204640967178,144.31080389604813
2017-11-07 07:00:00,10.5,102.0,28.228082275390648,48.163246316530056,161.56186493610625
2017-11-07 07:00:00,10.5,102.5,28.128076171875023,25.228484402807876,147.82834605033005
2017-11-07 07:00:00,10.5,103.0,27.828088378906273,23.022552215929522,135.7632723582551
2017-11-07 07:00:00,10.5,103.5,27.828088378906273,24.84999322675763,123.42037678972014
2017-11-07 07:00:00,10.5,104.0,27.728082275390648,22.16165701318577,117.07441676226522
2017-11-07 07:00:00,10.5,104.5,25.428094482421898,19.94076339855181,108.54703914809176
2017-11-07 07:00:00,10.5,105.0,26.828088378906273,14.567629037251757,108.76748502730038
2017-11-07 07:00:00,10.5,105.5,29.128076171875023,10.430963419202953,106.27251007694379
2017-11-07 07:00:00,10.0,97.5,28.728082275390648,17.379354545700362,110.5156353940865
2017-11-07 07:00:00,10.0,98.0,28.228082275390648,22.33905383583423,120.95619519533835
2017-11-07 07:00:00,10.0,98.5,28.228082275390648,22.948453511596547,105.20513364760352
2017-11-07 07:00:00,10.0,99.0,23.628076171875023,30.05237049271013,66.4296607405531
2017-11-07 07:00:00,10.0,99.5,28.828088378906273,22.56122422134058,78.97853893586654
2017-11-07 07:00:00,10.0,100.0,28.328088378906273,27.979081123273836,46.007755224426546
2017-11-07 07:00:00,10.0,100.5,28.928094482421898,55.57719943509323,10.530362411535775
2017-11-07 07:00:00,10.0,101.0,28.928094482421898,32.88703741320642,317.5265983846408
2017-11-07 07:00:00,10.0,101.5,28.728082275390648,62.0416685516928,194.27204999383991
2017-11-07 07:00:00,10.0,102.0,28.328088378906273,44.104495969516435,185.14469057343962
2017-11-07 07:00:00,10.0,102.5,27.828088378906273,22.272454196033017,170.49717739022051
2017-11-07 07:00:00,10.0,103.0,27.428094482421898,16.362359150056065,138.8400859203933
2017-11-07 07:00:00,10.0,103.5,27.928094482421898,20.691467030665937,121.4855760855534
2017-11-07 07:00:00,10.0,104.0,27.828088378906273,21.864325003454304,123.7236925329262
2017-11-07 07:00:00,10.0,104.5,28.028070068359398,19.867093868998428,118.2478178683376
2017-11-07 07:00:00,10.0,105.0,28.128076171875023,14.614267579217755,106.04316390619394
2017-11-07 07:00:00,10.0,105.5,27.728082275390648,10.841099595641317,90.03604571022098
2017-11-07 07:00:00,9.5,97.5,28.828088378906273,12.930838303335525,120.2941251027968
2017-11-07 07:00:00,9.5,98.0,28.528070068359398,15.721403203037532,116.1095733710413
2017-11-07 07:00:00,9.5,98.5,25.228082275390648,14.825767580970403,101.08635123039275
2017-11-07 07:00:00,9.5,99.0,24.628076171875023,15.618460426482002,63.760996891361515
2017-11-07 07:00:00,9.5,99.5,28.528070068359398,11.73310187935025,55.6688358684588
2017-11-07 07:00:00,9.5,100.0,27.928094482421898,12.87111757579063,28.964663213257662
2017-11-07 07:00:00,9.5,100.5,28.728082275390648,26.45709659935544,349.5848298373241
2017-11-07 07:00:00,9.5,101.0,29.028070068359398,32.331516708717544,285.15630929279644
2017-11-07 07:00:00,9.5,101.5,28.928094482421898,45.17016320083893,222.01734676400474
2017-11-07 07:00:00,9.5,102.0,28.428094482421898,32.6970913240704,200.41796743037423
2017-11-07 07:00:00,9.5,102.5,28.028070068359398,17.063255891497715,188.96471631039208
2017-11-07 07:00:00,9.5,103.0,27.728082275390648,12.195030570436458,144.6187533521012
2017-11-07 07:00:00,9.5,103.5,27.628076171875023,16.951949980051655,123.83467800286363
2017-11-07 07:00:00,9.5,104.0,27.928094482421898,18.390087799757552,124.07223500513896
2017-11-07 07:00:00,9.5,104.5,28.028070068359398,14.225375574249478,119.43481818964973
2017-11-07 07:00:00,9.5,105.0,26.728082275390648,12.802862340517375,108.55858466868595
2017-11-07 07:00:00,9.5,105.5,26.928094482421898,11.848939369742084,96.31257623945584
2017-11-07 07:00:00,9.0,97.5,28.928094482421898,5.394040317893841,171.50206510492734
2017-11-07 07:00:00,9.0,98.0,28.928094482421898,6.1828743670718795,148.34167991370757
2017-11-07 07:00:00,9.0,98.5,23.128076171875023,5.329819082927566,123.72067520801068
2017-11-07 07:00:00,9.0,99.0,25.028070068359398,2.802642346124057,42.04854123826834
2017-11-07 07:00:00,9.0,99.5,25.028070068359398,3.3639688534471883,353.32699913943156
2017-11-07 07:00:00,9.0,100.0,28.228082275390648,9.501515929709228,301.98679681594405
2017-11-07 07:00:00,9.0,100.5,29.128076171875023,18.66402324943034,277.62707944311677
2017-11-07 07:00:00,9.0,101.0,29.128076171875023,26.720681667118725,253.5497831756197
2017-11-07 07:00:00,9.0,101.5,29.028070068359398,28.883767535763802,218.81075120800006
2017-11-07 07:00:00,9.0,102.0,28.628076171875023,20.211874613392936,198.57648296866185
2017-11-07 07:00:00,9.0,102.5,28.228082275390648,10.272952044844807,181.9798060774788
2017-11-07 07:00:00,9.0,103.0,27.828088378906273,12.117456939968838,139.82604496946578
2017-11-07 07:00:00,9.0,103.5,27.728082275390648,14.256757669271506,130.49892407264008
2017-11-07 07:00:00,9.0,104.0,27.828088378906273,15.477262373511339,129.62518886000137
2017-11-07 07:00:00,9.0,104.5,27.928094482421898,13.881883337283936,134.89996162586755
2017-11-07 07:00:00,9.0,105.0,26.528070068359398,14.504725452293185,125.71320597922215
2017-11-07 07:00:00,9.0,105.5,27.528070068359398,13.288172094300826,110.32151407036518
2017-11-07 07:00:00,8.5,97.5,28.728082275390648,5.653098533774792,219.48804090896127
2017-11-07 07:00:00,8.5,98.0,29.028070068359398,6.14067213447346,222.783166943467
2017-11-07 07:00:00,8.5,98.5,23.628076171875023,6.56948959264103,225.81458266851703
2017-11-07 07:00:00,8.5,99.0,24.228082275390648,4.4976367951341265,249.2861244525415
2017-11-07 07:00:00,8.5,99.5,25.028070068359398,5.0059151574678715,262.48363843118665
2017-11-07 07:00:00,8.5,100.0,27.128076171875023,9.24493732839894,254.83276582810743
2017-11-07 07:00:00,8.5,100.5,28.628076171875023,14.392388328012673,247.31419305894428
2017-11-07 07:00:00,8.5,101.0,29.128076171875023,16.912915837866805,232.930516408699
2017-11-07 07:00:00,8.5,101.5,29.028070068359398,17.944348211356143,207.98026065801423
2017-11-07 07:00:00,8.5,102.0,28.828088378906273,12.39092710164359,198.6131764143221
2017-11-07 07:00:00,8.5,102.5,28.428094482421898,10.164253917262625,167.07729041752407
2017-11-07 07:00:00,8.5,103.0,28.128076171875023,11.985750753197053,144.54146531648342
2017-11-07 07:00:00,8.5,103.5,28.128076171875023,13.908170095710897,135.63423419749114
2017-11-07 07:00:00,8.5,104.0,27.828088378906273,15.60139731875474,132.5731114864816
2017-11-07 07:00:00,8.5,104.5,27.628076171875023,15.318628155395459,137.19496177370036
2017-11-07 07:00:00,8.5,105.0,27.328088378906273,16.386953478614274,132.9567224161753
2017-11-07 07:00:00,8.5,105.5,27.428094482421898,13.687674294174824,124.28712781434781
2017-11-07 07:00:00,8.0,97.5,29.228082275390648,6.3330155974691635,190.1027761593356
2017-11-07 07:00:00,8.0,98.0,29.228082275390648,6.552922367890764,213.270696790152
2017-11-07 07:00:00,8.0,98.5,28.928094482421898,6.619742974465811,224.92705916284766
2017-11-07 07:00:00,8.0,99.0,25.928094482421898,8.270675870274218,231.12544141717757
2017-11-07 07:00:00,8.0,99.5,24.328088378906273,8.085553651405341,230.72210785088959
2017-11-07 07:00:00,8.0,100.0,26.928094482421898,10.804577265255958,222.52471721570873
2017-11-07 07:00:00,8.0,100.5,28.328088378906273,14.17625457699385,220.33098609765304
2017-11-07 07:00:00,8.0,101.0,29.128076171875023,15.33720964836759,219.82628686856415
2017-11-07 07:00:00,8.0,101.5,29.228082275390648,12.222723272449125,215.85276430872065
2017-11-07 07:00:00,8.0,102.0,28.828088378906273,9.022844001382058,199.54726319854365
2017-11-07 07:00:00,8.0,102.5,28.528070068359398,9.150415295949331,162.33240794100675
2017-11-07 07:00:00,8.0,103.0,28.328088378906273,13.115221407811973,152.51397453834488
2017-11-07 07:00:00,8.0,103.5,28.128076171875023,14.519703622189285,135.80843959420636
2017-11-07 07:00:00,8.0,104.0,27.928094482421898,13.945018341517708,132.59872672306312
2017-11-07 07:00:00,8.0,104.5,27.728082275390648,16.795603899914326,130.0481740974225
2017-11-07 07:00:00,8.0,105.0,27.628076171875023,17.835607681762465,131.48537017689034
2017-11-07 07:00:00,8.0,105.5,27.528070068359398,14.037365951151854,133.8619744503788
2017-11-07 07:00:00,7.5,97.5,29.528070068359398,5.179010330833398,201.12935226937356
2017-11-07 07:00:00,7.5,98.0,29.228082275390648,6.9001890193817035,216.44334023963614
2017-11-07 07:00:00,7.5,98.5,29.128076171875023,8.71406638863786,227.28844268940247
2017-11-07 07:00:00,7.5,99.0,28.828088378906273,10.213085183410975,223.38161844252247
2017-11-07 07:00:00,7.5,99.5,24.728082275390648,10.96473806603025,221.76179851712124
2017-11-07 07:00:00,7.5,100.0,25.528070068359398,11.05835701396864,212.45854897361596
2017-11-07 07:00:00,7.5,100.5,28.228082275390648,12.663256376686316,203.2507848573249
2017-11-07 07:00:00,7.5,101.0,28.828088378906273,11.689204941049457,199.9632750727259
2017-11-07 07:00:00,7.5,101.5,28.728082275390648,9.525528418873423,196.8862345711197
2017-11-07 07:00:00,7.5,102.0,28.728082275390648,9.14653361774762,186.9761457435985
2017-11-07 07:00:00,7.5,102.5,28.628076171875023,11.853608443918434,178.75719150498068
2017-11-07 07:00:00,7.5,103.0,28.428094482421898,13.355114924997032,153.22126197771655
2017-11-07 07:00:00,7.5,103.5,28.128076171875023,12.338672728349376,129.3224527592863
2017-11-07 07:00:00,7.5,104.0,27.928094482421898,12.903727038051406,127.29615682816238
2017-11-07 07:00:00,7.5,104.5,27.728082275390648,19.847449854353414,123.61181569994388
2017-11-07 07:00:00,7.5,105.0,27.628076171875023,19.85240105030058,130.3700052344397
2017-11-07 07:00:00,7.5,105.5,27.528070068359398,14.778383105312273,141.03611256897827
2017-11-07 07:00:00,7.0,97.5,29.528070068359398,6.5028502829714965,247.4781852280997
2017-11-07 07:00:00,7.0,98.0,29.428094482421898,7.665307245411937,226.26903465469084
2017-11-07 07:00:00,7.0,98.5,29.528070068359398,9.019967100955165,222.6820620446929
2017-11-07 07:00:00,7.0,99.0,29.228082275390648,10.731874126473643,222.0997697503611
2017-11-07 07:00:00,7.0,99.5,28.928094482421898,11.395889255824402,213.09750742722366
2017-11-07 07:00:00,7.0,100.0,24.328088378906273,12.191840453480001,202.36418507439734
2017-11-07 07:00:00,7.0,100.5,25.328088378906273,13.711119038996607,200.73737919227878
2017-11-07 07:00:00,7.0,101.0,28.128076171875023,11.878961454603964,198.89541043956916
2017-11-07 07:00:00,7.0,101.5,27.828088378906273,10.088025528308636,196.13159851932653
2017-11-07 07:00:00,7.0,102.0,28.428094482421898,10.150632347234826,184.2423831790574
2017-11-07 07:00:00,7.0,102.5,28.528070068359398,13.238692491352406,176.86027640633768
2017-11-07 07:00:00,7.0,103.0,28.428094482421898,13.87616196069645,177.8974233285759
2017-11-07 07:00:00,7.0,103.5,28.328088378906273,11.350829640542774,155.6220597971619
2017-11-07 07:00:00,7.0,104.0,28.028070068359398,14.249414200765193,128.6458124430043
2017-11-07 07:00:00,7.0,104.5,27.928094482421898,20.647867342154118,124.41835218114609
2017-11-07 07:00:00,7.0,105.0,27.528070068359398,21.701618856156838,133.79339055532478
2017-11-07 07:00:00,7.0,105.5,27.628076171875023,17.086938548397125,143.22672200303563
2017-11-07 07:00:00,6.5,97.5,29.728082275390648,10.590578466935742,272.69076625487276
2017-11-07 07:00:00,6.5,98.0,29.628076171875023,9.801870137183867,262.36190063088407
2017-11-07 07:00:00,6.5,98.5,29.628076171875023,8.475349090473449,249.04686703225843
2017-11-07 07:00:00,6.5,99.0,29.028070068359398,9.865299637436546,235.50667261548804
2017-11-07 07:00:00,6.5,99.5,28.828088378906273,12.285696990317676,217.10041953536626
2017-11-07 07:00:00,6.5,100.0,28.728082275390648,13.715302833413944,197.07399599656318
2017-11-07 07:00:00,6.5,100.5,24.128076171875023,11.47879943546099,191.7364358466046
2017-11-07 07:00:00,6.5,101.0,23.928094482421898,9.94588516661839,181.42248925416337
2017-11-07 07:00:00,6.5,101.5,24.128076171875023,9.604349863371935,171.99740682465972
2017-11-07 07:00:00,6.5,102.0,27.928094482421898,11.814180806781815,172.2698499101268
2017-11-07 07:00:00,6.5,102.5,28.328088378906273,12.541085129825271,186.40441796845246
2017-11-07 07:00:00,6.5,103.0,28.328088378906273,13.095954581615258,200.7458971367572
2017-11-07 07:00:00,6.5,103.5,28.228082275390648,11.29053075935358,169.31640704469484
2017-11-07 07:00:00,6.5,104.0,28.228082275390648,15.744865827738426,130.1817795355783
2017-11-07 07:00:00,6.5,104.5,28.028070068359398,19.534923761887956,127.21481274056453
2017-11-07 07:00:00,6.5,105.0,27.828088378906273,18.41301770436978,134.92457940590097
2017-11-07 07:00:00,6.5,105.5,27.728082275390648,17.331833768374818,146.44044409296413
2017-11-07 07:00:00,6.0,97.5,29.528070068359398,15.100220743316639,288.027749660515
2017-11-07 07:00:00,6.0,98.0,29.728082275390648,13.94599014953245,284.0141396160784
2017-11-07 07:00:00,6.0,98.5,29.828088378906273,12.474426392423977,275.5994876869389
2017-11-07 07:00:00,6.0,99.0,29.528070068359398,11.932823666691586,255.46488483916482
2017-11-07 07:00:00,6.0,99.5,29.228082275390648,13.334702043169294,232.75321081127512
2017-11-07 07:00:00,6.0,100.0,29.128076171875023,12.265227975267228,212.85963733502118
2017-11-07 07:00:00,6.0,100.5,25.428094482421898,9.562715954129663,203.7208743069446
2017-11-07 07:00:00,6.0,101.0,22.328088378906273,10.848642610639518,202.6104107640509
2017-11-07 07:00:00,6.0,101.5,21.728082275390648,7.5722281513157075,207.7257465178242
2017-11-07 07:00:00,6.0,102.0,24.328088378906273,8.90074503962632,178.80840552755603
2017-11-07 07:00:00,6.0,102.5,27.728082275390648,9.786033301209132,186.30611854480273
2017-11-07 07:00:00,6.0,103.0,28.228082275390648,9.50396870610958,186.71254866783383
2017-11-07 07:00:00,6.0,103.5,28.228082275390648,10.631173223902575,157.68232946639475
2017-11-07 07:00:00,6.0,104.0,28.228082275390648,13.689697639743695,142.37678249571215
2017-11-07 07:00:00,6.0,104.5,28.128076171875023,16.369493725066427,139.19568538900955
2017-11-07 07:00:00,6.0,105.0,28.028070068359398,14.96515901563602,142.13773082599346
2017-11-07 07:00:00,6.0,105.5,28.028070068359398,13.001653551451417,152.78975063534133
2020-05-15 07:00:00,20.0,97.5,24.150018310546898,14.091078222299556,250.27010509421928
2020-05-15 07:00:00,20.0,98.0,24.950006103515648,17.02175568482392,244.69041060681343
2020-05-15 07:00:00,20.0,98.5,23.450006103515648,10.606020085506298,248.67502436797452
2020-05-15 07:00:00,20.0,99.0,23.150018310546898,13.359064276159097,251.27343080158036
2020-05-15 07:00:00,20.0,99.5,22.249993896484398,17.244025021420537,248.42498553195878
2020-05-15 07:00:00,20.0,100.0,24.950006103515648,22.937553709171656,257.6627712767551
2020-05-15 07:00:00,20.0,100.5,24.850000000000023,19.67567681410393,236.43983500357456
2020-05-15 07:00:00,20.0,101.0,23.550012207031273,17.317576777651716,227.6372949967089
2020-05-15 07:00:00,20.0,101.5,22.350000000000023,15.359390807073291,233.60739630424933
2020-05-15 07:00:00,20.0,102.0,22.249993896484398,21.02902087178649,227.03277858690845
2020-05-15 07:00:00,20.0,102.5,22.550012207031273,16.443198416689512,229.91136787383738
2020-05-15 07:00:00,20.0,103.0,21.350000000000023,19.310247654305506,225.02286639605398
2020-05-15 07:00:00,20.0,103.5,21.850000000000023,18.24846485116308,231.27087333781805
2020-05-15 07:00:00,20.0,104.0,22.050012207031273,16.696194284242498,243.8860637743305
2020-05-15 07:00:00,20.0,104.5,23.650018310546898,18.835929022327473,250.9080353834093
2020-05-15 07:00:00,20.0,105.0,25.450006103515648,22.820416569133872,252.16607831580745
2020-05-15 07:00:00,20.0,105.5,28.249993896484398,25.488406842924125,266.18256058767435
2020-05-15 07:00:00,19.5,97.5,24.850000000000023,7.234394111223441,221.22775357510196
2020-05-15 07:00:00,19.5,98.0,22.650018310546898,11.475144238521091,223.25878363149792
2020-05-15 07:00:00,19.5,98.5,21.850000000000023,11.054294269135225,253.51422868312088
2020-05-15 07:00:00,19.5,99.0,24.050012207031273,11.372124017939594,249.7882807388918
2020-05-15 07:00:00,19.5,99.5,24.550012207031273,13.541126173728404,244.12742417411255
2020-05-15 07:00:00,19.5,100.0,26.450006103515648,18.234520597033985,250.492836865095
2020-05-15 07:00:00,19.5,100.5,25.050012207031273,18.857797180148257,226.41572770066878
2020-05-15 07:00:00,19.5,101.0,24.550012207031273,22.846609381951918,221.25013161736177
2020-05-15 07:00:00,19.5,101.5,22.950006103515648,11.353530464631097,240.11536038206543
2020-05-15 07:00:00,19.5,102.0,24.249993896484398,11.491185107915014,219.82749868119083
2020-05-15 07:00:00,19.5,102.5,23.450006103515648,11.833645971565128,204.90782959692632
2020-05-15 07:00:00,19.5,103.0,22.050012207031273,14.85015927136932,213.46069598349024
2020-05-15 07:00:00,19.5,103.5,22.950006103515648,10.60658378360853,213.6925435881708
2020-05-15 07:00:00,19.5,104.0,22.950006103515648,8.91925668255447,238.58541065333478
2020-05-15 07:00:00,19.5,104.5,24.150018310546898,11.551913553307381,256.8251271269767
2020-05-15 07:00:00,19.5,105.0,27.150018310546898,23.302936343499702,252.82550202954982
2020-05-15 07:00:00,19.5,105.5,28.249993896484398,25.0392182622528,259.29997646250513
2020-05-15 07:00:00,19.0,97.5,24.350000000000023,7.158599904860493,278.9286247319647
2020-05-15 07:00:00,19.0,98.0,23.850000000000023,16.161273353643555,234.2729803323009
2020-05-15 07:00:00,19.0,98.5,22.249993896484398,16.108434057504372,266.13801364193597
2020-05-15 07:00:00,19.0,99.0,25.650018310546898,16.31848649211427,261.610281446171
2020-05-15 07:00:00,19.0,99.5,25.550012207031273,12.506705113085442,236.42281124001573
2020-05-15 07:00:00,19.0,100.0,25.249993896484398,21.903123867125977,231.09124727315947
2020-05-15 07:00:00,19.0,100.5,24.450006103515648,26.1948656124645,233.17373460765378
2020-05-15 07:00:00,19.0,101.0,25.550012207031273,19.070294146542594,239.71577338274597
2020-05-15 07:00:00,19.0,101.5,24.650018310546898,18.965492452546535,245.7782546302107
2020-05-15 07:00:00,19.0,102.0,22.850000000000023,11.643407356349476,238.05284059434774
2020-05-15 07:00:00,19.0,102.5,22.749993896484398,9.255204890004151,224.8901187705204
2020-05-15 07:00:00,19.0,103.0,22.749993896484398,6.047537790505744,217.57584267441388
2020-05-15 07:00:00,19.0,103.5,24.650018310546898,6.568387931950357,208.63598641394742
2020-05-15 07:00:00,19.0,104.0,24.150018310546898,8.502286879708691,216.78977454024817
2020-05-15 07:00:00,19.0,104.5,23.249993896484398,20.705735366050607,235.57685840038263
2020-05-15 07:00:00,19.0,105.0,27.850000000000023,28.832978276280002,249.14437062738898
2020-05-15 07:00:00,19.0,105.5,29.350000000000023,25.962727966804156,258.7952678613019
2020-05-15 07:00:00,18.5,97.5,24.450006103515648,18.357148769339698,251.10410121016685
2020-05-15 07:00:00,18.5,98.0,23.650018310546898,14.84429922328005,243.6316283614118
2020-05-15 07:00:00,18.5,98.5,22.150018310546898,9.006246014275701,265.612718991872
2020-05-15 07:00:00,18.5,99.0,26.249993896484398,13.51129510580624,259.850352230759
2020-05-15 07:00:00,18.5,99.5,26.450006103515648,16.304766554694393,245.59465386331652
2020-05-15 07:00:00,18.5,100.0,26.249993896484398,19.867428039079652,243.6283314213234
2020-05-15 07:00:00,18.5,100.5,25.150018310546898,23.405675913761133,239.89219337197287
2020-05-15 07:00:00,18.5,101.0,24.749993896484398,22.423501051623298,239.8192479204209
2020-05-15 07:00:00,18.5,101.5,26.150018310546898,28.25693829138018,255.07655910213546
2020-05-15 07:00:00,18.5,102.0,24.050012207031273,25.06701775805223,256.28086979421164
2020-05-15 07:00:00,18.5,102.5,27.749993896484398,19.48772145953411,265.21691616715435
2020-05-15 07:00:00,18.5,103.0,24.150018310546898,13.80724821961415,241.30760789437878
2020-05-15 07:00:00,18.5,103.5,27.550012207031273,17.77317429219388,235.00518487635796
2020-05-15 07:00:00,18.5,104.0,29.749993896484398,26.004510781422457,234.14179607153318
2020-05-15 07:00:00,18.5,104.5,26.450006103515648,22.321515022080654,241.99523078107464
2020-05-15 07:00:00,18.5,105.0,24.249993896484398,20.791654632335263,239.2681868869542
2020-05-15 07:00:00,18.5,105.5,28.950006103515648,21.077374657819625,254.2282374751546
2020-05-15 07:00:00,18.0,97.5,25.150018310546898,11.36349694336214,249.38488860590692
2020-05-15 07:00:00,18.0,98.0,24.050012207031273,9.699484553850226,245.6385447393315
2020-05-15 07:00:00,18.0,98.5,24.050012207031273,9.267907252303116,270.1919132717854
2020-05-15 07:00:00,18.0,99.0,25.749993896484398,13.225370967026763,265.9200801181846
2020-05-15 07:00:00,18.0,99.5,27.249993896484398,13.507004323569552,251.3249163572879
2020-05-15 07:00:00,18.0,100.0,27.150018310546898,19.871668323662497,242.23560140012927
2020-05-15 07:00:00,18.0,100.5,26.550012207031273,23.454881879566404,239.86023186740053
2020-05-15 07:00:00,18.0,101.0,25.850000000000023,27.41017372143569,239.2638026739742
2020-05-15 07:00:00,18.0,101.5,27.850000000000023,20.509732592366902,255.44883407894417
2020-05-15 07:00:00,18.0,102.0,28.950006103515648,17.404452239319752,254.75326585393927
2020-05-15 07:00:00,18.0,102.5,30.050012207031273,14.504173599428263,258.9620487399517
2020-05-15 07:00:00,18.0,103.0,31.550012207031273,17.363242272856514,235.07324269428454
2020-05-15 07:00:00,18.0,103.5,32.1500183105469,21.20158074385896,226.53444631417167
2020-05-15 07:00:00,18.0,104.0,31.850000000000023,20.136904018557427,234.3341773255151
2020-05-15 07:00:00,18.0,104.5,30.050012207031273,21.978408406423743,246.6332912389606
2020-05-15 07:00:00,18.0,105.0,27.650018310546898,24.328373782190862,256.9896940894333
2020-05-15 07:00:00,18.0,105.5,24.650018310546898,24.10587445561158,258.61878120531077
2020-05-15 07:00:00,17.5,97.5,27.650018310546898,14.956879302259571,270.67055777553185
2020-05-15 07:00:00,17.5,98.0,25.350000000000023,11.642311354041524,274.40916177331866
2020-05-15 07:00:00,17.5,98.5,22.450006103515648,6.0545291471751925,253.72314630238583
2020-05-15 07:00:00,17.5,99.0,25.350000000000023,6.0169599627200325,252.54370505427886
2020-05-15 07:00:00,17.5,99.5,27.450006103515648,12.25037913373101,237.6394566408141
2020-05-15 07:00:00,17.5,100.0,29.950006103515648,18.334861238280947,232.20240694530034
2020-05-15 07:00:00,17.5,100.5,27.950006103515648,20.16616314514654,234.39381526929844
2020-05-15 07:00:00,17.5,101.0,24.450006103515648,19.348230459940897,238.3347646396471
2020-05-15 07:00:00,17.5,101.5,26.050012207031273,17.923602478445048,246.17214735604173
2020-05-15 07:00:00,17.5,102.0,30.450006103515648,5.057766992118671,271.57531553791193
2020-05-15 07:00:00,17.5,102.5,31.350000000000023,9.225724813090153,232.18077959045178
2020-05-15 07:00:00,17.5,103.0,32.7499938964844,14.172842978002212,226.4720409653048
2020-05-15 07:00:00,17.5,103.5,32.85000000000002,14.973435435623175,227.66042497953327
2020-05-15 07:00:00,17.5,104.0,32.7499938964844,15.6921082777524,232.2039131425422
2020-05-15 07:00:00,17.5,104.5,31.650018310546898,17.31021511331236,232.88631618575604
2020-05-15 07:00:00,17.5,105.0,29.850000000000023,19.198608397969128,239.0663290100271
2020-05-15 07:00:00,17.5,105.5,28.850000000000023,21.3646394869035,253.64239383640472
2020-05-15 07:00:00,17.0,97.5,28.050012207031273,9.54015220152415,283.7220748170281
2020-05-15 07:00:00,17.0,98.0,27.249993896484398,11.378227146623495,311.84787621220573
2020-05-15 07:00:00,17.0,98.5,23.950006103515648,11.253811530789887,308.5610512471045
2020-05-15 07:00:00,17.0,99.0,26.650018310546898,5.4334692419666215,302.3955595481597
2020-05-15 07:00:00,17.0,99.5,30.150018310546898,8.709349269378855,238.57454472395136
2020-05-15 07:00:00,17.0,100.0,30.749993896484398,9.131918212733925,236.46452674508848
2020-05-15 07:00:00,17.0,100.5,30.050012207031273,16.19471328290273,232.6147876953879
2020-05-15 07:00:00,17.0,101.0,25.850000000000023,14.626543462588266,240.1641265671594
2020-05-15 07:00:00,17.0,101.5,24.650018310546898,13.17675324074561,254.93443618882856
2020-05-15 07:00:00,17.0,102.0,30.150018310546898,5.028349529110094,255.85328752076114
2020-05-15 07:00:00,17.0,102.5,31.350000000000023,11.770472856563796,201.05055964909238
2020-05-15 07:00:00,17.0,103.0,32.35000000000002,8.79588465720479,220.7350033315319
2020-05-15 07:00:00,17.0,103.5,31.150018310546898,9.487349313977404,218.88564956288485
2020-05-15 07:00:00,17.0,104.0,30.650018310546898,9.159159760186805,220.26559659789373
2020-05-15 07:00:00,17.0,104.5,30.950006103515648,13.991546845904569,218.03013983474813
2020-05-15 07:00:00,17.0,105.0,31.249993896484398,16.77021947136755,232.87846688680267
2020-05-15 07:00:00,17.0,105.5,29.850000000000023,18.046101344232145,254.2417036049186
2020-05-15 07:00:00,16.5,97.5,30.650018310546898,5.504957079353214,298.45624148536245
2020-05-15 07:00:00,16.5,98.0,27.450006103515648,11.898543384283487,316.2776093114598
2020-05-15 07:00:00,16.5,98.5,23.650018310546898,6.118334125262181,320.3527997590577
2020-05-15 07:00:00,16.5,99.0,22.249993896484398,6.807381511696647,307.78669243678104
2020-05-15 07:00:00,16.5,99.5,30.850000000000023,6.252000916314604,272.9251049291053
2020-05-15 07:00:00,16.5,100.0,30.850000000000023,10.909820398873078,225.0404700541317
2020-05-15 07:00:00,16.5,100.5,30.249993896484398,15.67582432775661,223.44626022439934
2020-05-15 07:00:00,16.5,101.0,24.950006103515648,8.84233274102765,236.3401972030292
2020-05-15 07:00:00,16.5,101.5,23.050012207031273,10.393596356088539,262.80947943513786
2020-05-15 07:00:00,16.5,102.0,29.150018310546898,6.639814252097284,245.9593657272432
2020-05-15 07:00:00,16.5,102.5,31.749993896484398,10.320640798233713,200.72236698031853
2020-05-15 07:00:00,16.5,103.0,31.850000000000023,11.652059809482477,200.5168950833976
2020-05-15 07:00:00,16.5,103.5,32.55001220703127,12.091487029187359,199.73962825331455
2020-05-15 07:00:00,16.5,104.0,31.450006103515648,15.729083199583048,207.89896291254055
2020-05-15 07:00:00,16.5,104.5,30.749993896484398,12.076243068389267,208.37897573199018
2020-05-15 07:00:00,16.5,105.0,32.1500183105469,10.6372764825046,234.12957176478173
2020-05-15 07:00:00,16.5,105.5,31.249993896484398,12.058973529161824,243.37108041120192
2020-05-15 07:00:00,16.0,97.5,31.050012207031273,6.662785429793646,14.890423834524404
2020-05-15 07:00:00,16.0,98.0,27.749993896484398,12.603141314284331,347.55570256496185
2020-05-15 07:00:00,16.0,98.5,23.550012207031273,3.708932198666671,351.3806413919971
2020-05-15 07:00:00,16.0,99.0,22.550012207031273,2.0329612833991186,271.88984203906654
2020-05-15 07:00:00,16.0,99.5,31.050012207031273,7.068430180783846,226.50703352888075
2020-05-15 07:00:00,16.0,100.0,29.550012207031273,15.121874798697272,220.97496811708726
2020-05-15 07:00:00,16.0,100.5,30.749993896484398,11.712868923972959,220.30058527920514
2020-05-15 07:00:00,16.0,101.0,30.150018310546898,12.833165365422147,242.58422265451014
2020-05-15 07:00:00,16.0,101.5,27.450006103515648,12.306835473122728,272.82730025014877
2020-05-15 07:00:00,16.0,102.0,27.850000000000023,5.412766433067932,251.32733498367736
2020-05-15 07:00:00,16.0,102.5,29.950006103515648,14.778436879182074,203.61405791057066
2020-05-15 07:00:00,16.0,103.0,31.249993896484398,12.145723125844286,198.92814401749857
2020-05-15 07:00:00,16.0,103.5,31.150018310546898,13.175297979593068,191.09699175126818
2020-05-15 07:00:00,16.0,104.0,31.749993896484398,14.432763391850635,193.91922571230813
2020-05-15 07:00:00,16.0,104.5,31.749993896484398,12.36259805912391,177.73705395416587
2020-05-15 07:00:00,16.0,105.0,31.249993896484398,8.627911975460822,205.0406166064421
2020-05-15 07:00:00,16.0,105.5,29.249993896484398,9.820747268925079,231.14578648570682
2020-05-15 07:00:00,15.5,97.5,30.950006103515648,4.435732485541068,59.86303495115694
2020-05-15 07:00:00,15.5,98.0,26.850000000000023,9.06983731722443,31.47901481197698
2020-05-15 07:00:00,15.5,98.5,22.850000000000023,2.374754744393552,337.3150843903158
2020-05-15 07:00:00,15.5,99.0,21.950006103515648,8.441000452769282,270.9438378172492
2020-05-15 07:00:00,15.5,99.5,28.850000000000023,13.243495811408016,211.3587833705734
2020-05-15 07:00:00,15.5,100.0,30.150018310546898,15.761279590111513,209.47757179521474
2020-05-15 07:00:00,15.5,100.5,30.650018310546898,14.356888507709014,207.0625636072942
2020-05-15 07:00:00,15.5,101.0,31.050012207031273,11.05302587058119,228.0764137600877
2020-05-15 07:00:00,15.5,101.5,27.650018310546898,5.345081605676786,281.6028998035996
2020-05-15 07:00:00,15.5,102.0,28.450006103515648,6.496457030463178,282.111410030366
2020-05-15 07:00:00,15.5,102.5,30.050012207031273,10.801290635102882,207.9096609386298
2020-05-15 07:00:00,15.5,103.0,31.050012207031273,12.668521687121903,190.3859517062184
2020-05-15 07:00:00,15.5,103.5,31.550012207031273,15.683877187443374,165.16310102392993
2020-05-15 07:00:00,15.5,104.0,31.550012207031273,14.275475963587468,161.5403312366505
2020-05-15 07:00:00,15.5,104.5,32.7499938964844,12.79741294008464,152.78754795078677
2020-05-15 07:00:00,15.5,105.0,31.350000000000023,10.243114437706742,193.08989343284432
2020-05-15 07:00:00,15.5,105.5,29.050012207031273,7.920955515365388,214.1267261383352
2020-05-15 07:00:00,15.0,97.5,30.950006103515648,7.642043009633989,51.25279836760478
2020-05-15 07:00:00,15.0,98.0,26.249993896484398,6.353348189324641,11.624181250970835
2020-05-15 07:00:00,15.0,98.5,24.749993896484398,3.7702724869349686,288.2872879667567
2020-05-15 07:00:00,15.0,99.0,24.850000000000023,7.165269651698635,233.23203607076078
2020-05-15 07:00:00,15.0,99.5,28.350000000000023,9.696027183460977,192.31395354697688
2020-05-15 07:00:00,15.0,100.0,29.350000000000023,15.918644718438676,180.83454396849433
2020-05-15 07:00:00,15.0,100.5,30.550012207031273,12.543733719021274,182.37521434953686
2020-05-15 07:00:00,15.0,101.0,31.249993896484398,9.86467542758173,215.83894889546022
2020-05-15 07:00:00,15.0,101.5,28.050012207031273,5.935845804778992,231.7240503057988
2020-05-15 07:00:00,15.0,102.0,29.650018310546898,4.287373113932247,194.80918055157525
2020-05-15 07:00:00,15.0,102.5,29.350000000000023,11.136837891294997,192.40201672910436
2020-05-15 07:00:00,15.0,103.0,30.850000000000023,13.945502366225554,177.99402463387173
2020-05-15 07:00:00,15.0,103.5,31.749993896484398,17.06193345569686,147.3694093354045
2020-05-15 07:00:00,15.0,104.0,32.6500183105469,15.164604682908678,134.4785235606944
2020-05-15 07:00:00,15.0,104.5,31.650018310546898,13.915008131549692,140.94091864366862
2020-05-15 07:00:00,15.0,105.0,30.450006103515648,6.562425654909965,182.3392648020784
2020-05-15 07:00:00,15.0,105.5,28.650018310546898,7.236429169334041,211.63782803529492
2020-05-15 07:00:00,14.5,97.5,31.150018310546898,8.634293687392566,68.76675653633035
2020-05-15 07:00:00,14.5,98.0,28.950006103515648,3.322469753171404,34.71532189272061
2020-05-15 07:00:00,14.5,98.5,24.450006103515648,4.233531218911077,315.4898622863408
2020-05-15 07:00:00,14.5,99.0,26.150018310546898,5.395816217533689,169.01542295640522
2020-05-15 07:00:00,14.5,99.5,30.050012207031273,8.470383036292867,160.7533076514828
2020-05-15 07:00:00,14.5,100.0,29.749993896484398,18.117736441064995,178.6838631080885
2020-05-15 07:00:00,14.5,100.5,31.350000000000023,15.893810073618297,174.0768796209033
2020-05-15 07:00:00,14.5,101.0,28.650018310546898,6.2430950447019935,157.43029297416268
2020-05-15 07:00:00,14.5,101.5,24.550012207031273,3.720458880297173,176.36088281003055
2020-05-15 07:00:00,14.5,102.0,27.150018310546898,3.1337963326760683,143.67967762525055
2020-05-15 07:00:00,14.5,102.5,29.150018310546898,10.999920913965505,171.42492947965994
2020-05-15 07:00:00,14.5,103.0,31.450006103515648,14.324637119358627,135.56796411348068
2020-05-15 07:00:00,14.5,103.5,31.249993896484398,17.49325641864094,131.21015764129385
2020-05-15 07:00:00,14.5,104.0,29.650018310546898,19.33965754450969,134.44026572767075
2020-05-15 07:00:00,14.5,104.5,28.950006103515648,14.553184288830844,135.25838063332338
2020-05-15 07:00:00,14.5,105.0,27.450006103515648,6.871011485140434,143.86108723084968
2020-05-15 07:00:00,14.5,105.5,25.850000000000023,2.066671132010961,174.44254196005681
2020-05-15 07:00:00,14.0,97.5,31.249993896484398,7.290653530112111,49.74611803503867
2020-05-15 07:00:00,14.0,98.0,31.150018310546898,4.24490967774384,94.4445622774061
2020-05-15 07:00:00,14.0,98.5,24.050012207031273,4.465741010768616,114.85361594912871
2020-05-15 07:00:00,14.0,99.0,26.950006103515648,7.500047980785891,130.44040357805176
2020-05-15 07:00:00,14.0,99.5,30.850000000000023,9.635270715748575,172.14905056232243
2020-05-15 07:00:00,14.0,100.0,30.249993896484398,17.94280220884954,194.2209279428941
2020-05-15 07:00:00,14.0,100.5,32.6500183105469,14.32109131903109,197.62345765601484
2020-05-15 07:00:00,14.0,101.0,32.2499938964844,6.687093120080087,187.56062498995917
2020-05-15 07:00:00,14.0,101.5,31.749993896484398,3.4585196477875613,212.37426033198662
2020-05-15 07:00:00,14.0,102.0,28.350000000000023,3.713524347424584,188.04725478523414
2020-05-15 07:00:00,14.0,102.5,28.249993896484398,11.821359843748816,139.8890570635824
2020-05-15 07:00:00,14.0,103.0,30.050012207031273,15.382900900424207,121.9528469670047
2020-05-15 07:00:00,14.0,103.5,29.650018310546898,19.905657076688783,136.50795887299407
2020-05-15 07:00:00,14.0,104.0,27.350000000000023,20.469956949275204,139.46329004864296
2020-05-15 07:00:00,14.0,104.5,26.749993896484398,15.674231669610185,134.30936588637076
2020-05-15 07:00:00,14.0,105.0,26.550012207031273,7.33297287825803,137.9007971566299
2020-05-15 07:00:00,14.0,105.5,26.550012207031273,3.929509239685833,145.66886439318026
2020-05-15 07:00:00,13.5,97.5,31.350000000000023,8.91322914011811,89.10617149573328
2020-05-15 07:00:00,13.5,98.0,31.249993896484398,8.592105468850495,114.27938506160216
2020-05-15 07:00:00,13.5,98.5,26.749993896484398,9.8217288939986,105.76783544889916
2020-05-15 07:00:00,13.5,99.0,25.150018310546898,11.162713807340559,124.16637612829895
2020-05-15 07:00:00,13.5,99.5,29.150018310546898,15.425896195171156,170.92853215120755
2020-05-15 07:00:00,13.5,100.0,30.450006103515648,18.249386608472093,175.1840096044409
2020-05-15 07:00:00,13.5,100.5,31.650018310546898,10.02720813714046,168.70377721697497
2020-05-15 07:00:00,13.5,101.0,32.45000610351565,4.839302919988256,172.06403450035478
2020-05-15 07:00:00,13.5,101.5,29.550012207031273,4.671980853059457,158.9756133528676
2020-05-15 07:00:00,13.5,102.0,29.050012207031273,5.207525317259713,156.9832385897705
2020-05-15 07:00:00,13.5,102.5,28.050012207031273,8.901912426213114,134.76703473083757
2020-05-15 07:00:00,13.5,103.0,30.650018310546898,14.355090944438757,145.37722720037132
2020-05-15 07:00:00,13.5,103.5,30.350000000000023,15.445653246071172,143.10806342171963
2020-05-15 07:00:00,13.5,104.0,28.850000000000023,15.704925329331225,136.63269696487595
2020-05-15 07:00:00,13.5,104.5,26.850000000000023,7.640192367117314,125.13489452650046
2020-05-15 07:00:00,13.5,105.0,26.249993896484398,8.817566750745298,126.62998741165758
2020-05-15 07:00:00,13.5,105.5,25.450006103515648,4.867988316116057,98.9932775676552
2020-05-15 07:00:00,13.0,97.5,31.350000000000023,18.662106657818786,104.1968472897353
2020-05-15 07:00:00,13.0,98.0,31.150018310546898,17.81905302656538,105.243300628113
2020-05-15 07:00:00,13.0,98.5,31.050012207031273,17.967764833208285,121.27895103107035
2020-05-15 07:00:00,13.0,99.0,24.350000000000023,17.571545127257284,142.2889977004642
2020-05-15 07:00:00,13.0,99.5,25.749993896484398,21.56055494046005,164.15130057107652
2020-05-15 07:00:00,13.0,100.0,30.950006103515648,18.45641529302808,158.54054797740537
2020-05-15 07:00:00,13.0,100.5,31.350000000000023,14.67479468487205,140.63230824377578
2020-05-15 07:00:00,13.0,101.0,29.249993896484398,11.914348935568,112.59129355914173
2020-05-15 07:00:00,13.0,101.5,28.749993896484398,11.37153530916697,129.55075968175868
2020-05-15 07:00:00,13.0,102.0,27.450006103515648,10.3872288153668,148.5463584003614
2020-05-15 07:00:00,13.0,102.5,26.650018310546898,13.38120442216631,130.04296717298294
2020-05-15 07:00:00,13.0,103.0,29.650018310546898,13.528706472999033,131.93441137005976
2020-05-15 07:00:00,13.0,103.5,29.450006103515648,13.091687619272781,142.66294316286223
2020-05-15 07:00:00,13.0,104.0,30.850000000000023,11.2980857371708,150.495917023644
2020-05-15 07:00:00,13.0,104.5,27.650018310546898,6.488316661231929,201.9741838682139
2020-05-15 07:00:00,13.0,105.0,24.749993896484398,8.457961830378942,184.7463754479904
2020-05-15 07:00:00,13.0,105.5,24.450006103515648,6.0562650061511025,178.10617181582396
2020-05-15 07:00:00,12.5,97.5,31.150018310546898,22.233605500369645,113.68932982906088
2020-05-15 07:00:00,12.5,98.0,30.950006103515648,21.506595831656046,123.43188452093084
2020-05-15 07:00:00,12.5,98.5,30.050012207031273,21.670937873920913,132.8173927343689
2020-05-15 07:00:00,12.5,99.0,25.650018310546898,22.146723500262233,141.90387459189822
2020-05-15 07:00:00,12.5,99.5,24.950006103515648,25.434933019095283,153.290555951167
2020-05-15 07:00:00,12.5,100.0,30.450006103515648,19.43808170043886,144.23746434171156
2020-05-15 07:00:00,12.5,100.5,31.450006103515648,17.997084750314546,133.34474946829084
2020-05-15 07:00:00,12.5,101.0,31.249993896484398,10.632657472880298,113.15490923334838
2020-05-15 07:00:00,12.5,101.5,31.249993896484398,16.09286882394211,147.29099921035333
2020-05-15 07:00:00,12.5,102.0,29.050012207031273,12.974243879037532,138.552162360335
2020-05-15 07:00:00,12.5,102.5,27.749993896484398,13.388552313281389,128.62251933515586
2020-05-15 07:00:00,12.5,103.0,25.350000000000023,15.316821478869166,106.68245387161477
2020-05-15 07:00:00,12.5,103.5,27.249993896484398,13.321944459307684,119.66279297042004
2020-05-15 07:00:00,12.5,104.0,29.350000000000023,5.02291700421452,167.34822571179643
2020-05-15 07:00:00,12.5,104.5,30.450006103515648,7.030413690457434,166.8105188553573
2020-05-15 07:00:00,12.5,105.0,29.450006103515648,9.390905970296938,142.56669761425394
2020-05-15 07:00:00,12.5,105.5,26.650018310546898,4.985405854841112,197.412232914801
2020-05-15 07:00:00,12.0,97.5,30.950006103515648,24.896933353819495,122.45592762206685
2020-05-15 07:00:00,12.0,98.0,30.850000000000023,25.35885476190134,121.50792812406608
2020-05-15 07:00:00,12.0,98.5,30.850000000000023,26.121295923625926,131.95986720993727
2020-05-15 07:00:00,12.0,99.0,25.850000000000023,26.189576842356466,140.72214101880346
2020-05-15 07:00:00,12.0,99.5,25.150018310546898,28.47069910354594,141.29213695768883
2020-05-15 07:00:00,12.0,100.0,31.450006103515648,25.169037059249522,130.5089082323925
2020-05-15 07:00:00,12.0,100.5,31.450006103515648,20.964020477883782,130.23424715254563
2020-05-15 07:00:00,12.0,101.0,31.249993896484398,16.81420073169368,121.65824051424697
2020-05-15 07:00:00,12.0,101.5,31.050012207031273,15.346559097341098,133.6292379392841
2020-05-15 07:00:00,12.0,102.0,31.050012207031273,17.816382379584464,136.3572712947255
2020-05-15 07:00:00,12.0,102.5,31.150018310546898,17.10186216726263,130.43916213518978
2020-05-15 07:00:00,12.0,103.0,23.150018310546898,10.972550373487827,121.25422170389511
2020-05-15 07:00:00,12.0,103.5,22.150018310546898,9.144061907849018,97.95159494418006
2020-05-15 07:00:00,12.0,104.0,24.850000000000023,5.620798873648141,148.50854609605258
2020-05-15 07:00:00,12.0,104.5,28.950006103515648,7.5630825789396505,138.00556223939662
2020-05-15 07:00:00,12.0,105.0,30.150018310546898,8.659216437655289,140.326520578635
2020-05-15 07:00:00,12.0,105.5,29.650018310546898,5.289489678464527,126.85992083699048
2020-05-15 07:00:00,11.5,97.5,30.749993896484398,25.84580987079742,120.66278340266628
2020-05-15 07:00:00,11.5,98.0,30.850000000000023,26.521853429052364,124.58081286672929
2020-05-15 07:00:00,11.5,98.5,31.150018310546898,27.84742031834387,127.14946749418014
2020-05-15 07:00:00,11.5,99.0,25.749993896484398,26.57012409873628,135.69046602257416
2020-05-15 07:00:00,11.5,99.5,26.249993896484398,30.46300066242852,134.88404591431737
2020-05-15 07:00:00,11.5,100.0,31.350000000000023,29.593928430062846,123.61842689176258
2020-05-15 07:00:00,11.5,100.5,31.249993896484398,24.910469108967504,112.44059473207251
2020-05-15 07:00:00,11.5,101.0,31.050012207031273,23.723693371721854,118.96543965185934
2020-05-15 07:00:00,11.5,101.5,30.950006103515648,19.813800769315385,122.42805926524173
2020-05-15 07:00:00,11.5,102.0,30.850000000000023,18.502057405185944,126.421110487018
2020-05-15 07:00:00,11.5,102.5,30.850000000000023,18.403637762583088,128.77271019044233
2020-05-15 07:00:00,11.5,103.0,27.850000000000023,17.383128572775494,123.30482244097429
2020-05-15 07:00:00,11.5,103.5,25.150018310546898,13.7765972366418,118.4211536942277
2020-05-15 07:00:00,11.5,104.0,25.249993896484398,12.785036937820205,132.32707320210886
2020-05-15 07:00:00,11.5,104.5,30.450006103515648,12.286609969267946,146.6636414915031
2020-05-15 07:00:00,11.5,105.0,30.249993896484398,9.819755695127606,154.47006239963434
2020-05-15 07:00:00,11.5,105.5,31.650018310546898,9.160447598812109,142.59756101629276
2020-05-15 07:00:00,11.0,97.5,30.650018310546898,24.830091825852612,116.81454647714689
2020-05-15 07:00:00,11.0,98.0,30.749993896484398,25.47107085601486,124.14587080174252
2020-05-15 07:00:00,11.0,98.5,31.150018310546898,26.34724121445052,125.12965251082191
2020-05-15 07:00:00,11.0,99.0,25.350000000000023,30.86012980010453,129.48917435475477
2020-05-15 07:00:00,11.0,99.5,27.350000000000023,34.33362163622898,131.83690820229447
2020-05-15 07:00:00,11.0,100.0,31.150018310546898,33.291420516755984,120.77259745063695
2020-05-15 07:00:00,11.0,100.5,30.950006103515648,27.560347581844294,115.04921393321249
2020-05-15 07:00:00,11.0,101.0,30.850000000000023,24.993297819971797,117.36655795565544
2020-05-15 07:00:00,11.0,101.5,30.749993896484398,23.33444767999616,113.46885690794521
2020-05-15 07:00:00,11.0,102.0,30.749993896484398,21.06274448291546,110.62966146322867
2020-05-15 07:00:00,11.0,102.5,30.749993896484398,17.66947072900899,115.3493983965757
2020-05-15 07:00:00,11.0,103.0,30.850000000000023,13.585512104557766,114.44039711836601
2020-05-15 07:00:00,11.0,103.5,29.550012207031273,16.457670897585192,119.07215001947392
2020-05-15 07:00:00,11.0,104.0,25.749993896484398,15.188574445895602,129.28442420509285
2020-05-15 07:00:00,11.0,104.5,30.450006103515648,15.038834896625762,139.81389992869214
2020-05-15 07:00:00,11.0,105.0,31.749993896484398,11.575856702201694,134.19084198174207
2020-05-15 07:00:00,11.0,105.5,32.35000000000002,12.121864479410569,122.94882020949403
2020-05-15 07:00:00,10.5,97.5,30.650018310546898,22.34192763166737,119.98221222347856
2020-05-15 07:00:00,10.5,98.0,30.749993896484398,21.75703095443264,124.24997716474454
2020-05-15 07:00:00,10.5,98.5,28.050012207031273,24.391457985882667,128.86385337177057
2020-05-15 07:00:00,10.5,99.0,26.950006103515648,30.736253827389145,124.62620097861308
2020-05-15 07:00:00,10.5,99.5,31.050012207031273,30.176559275978992,125.95218372824965
2020-05-15 07:00:00,10.5,100.0,30.950006103515648,31.587263586568717,126.03235850334741
2020-05-15 07:00:00,10.5,100.5,30.850000000000023,31.548207627392856,114.48029986577548
2020-05-15 07:00:00,10.5,101.0,30.749993896484398,27.231077903197942,114.45471841627155
2020-05-15 07:00:00,10.5,101.5,30.650018310546898,24.67871376322652,113.93703848934696
2020-05-15 07:00:00,10.5,102.0,30.650018310546898,23.136476023000967,113.68188463565694
2020-05-15 07:00:00,10.5,102.5,30.749993896484398,20.74062048310224,116.73031259082626
2020-05-15 07:00:00,10.5,103.0,30.950006103515648,15.733910201278292,119.18755692545551
2020-05-15 07:00:00,10.5,103.5,30.950006103515648,15.18358865174499,129.4755862324393
2020-05-15 07:00:00,10.5,104.0,30.650018310546898,14.745609445540751,137.53079644330808
2020-05-15 07:00:00,10.5,104.5,31.550012207031273,14.998612260013457,122.70954093575253
2020-05-15 07:00:00,10.5,105.0,32.2499938964844,17.32146626325799,100.19189919842408
2020-05-15 07:00:00,10.5,105.5,31.950006103515648,11.14416860729006,96.51760074192259
2020-05-15 07:00:00,10.0,97.5,30.650018310546898,18.918482000649572,141.30193089879327
2020-05-15 07:00:00,10.0,98.0,30.650018310546898,17.614109710243987,138.44489541806655
2020-05-15 07:00:00,10.0,98.5,30.850000000000023,18.660158177943664,133.24719069410938
2020-05-15 07:00:00,10.0,99.0,27.050012207031273,25.9667437699781,128.10713472945068
2020-05-15 07:00:00,10.0,99.5,31.050012207031273,27.188027415642466,125.27456312820337
2020-05-15 07:00:00,10.0,100.0,30.950006103515648,24.97633679237336,128.9493597219535
2020-05-15 07:00:00,10.0,100.5,30.749993896484398,26.955686892794912,126.28637923040785
2020-05-15 07:00:00,10.0,101.0,30.650018310546898,26.013632755766558,120.35195419396558
2020-05-15 07:00:00,10.0,101.5,30.650018310546898,24.074040280594105,117.05228859674283
2020-05-15 07:00:00,10.0,102.0,30.650018310546898,22.57048206780918,112.42200854787376
2020-05-15 07:00:00,10.0,102.5,30.650018310546898,19.81177874348768,117.85561790947355
2020-05-15 07:00:00,10.0,103.0,30.749993896484398,16.29447442419973,125.70199073937859
2020-05-15 07:00:00,10.0,103.5,30.749993896484398,16.16562580004498,121.5766877679939
2020-05-15 07:00:00,10.0,104.0,30.850000000000023,17.997576656519048,113.47375783790623
2020-05-15 07:00:00,10.0,104.5,30.950006103515648,20.646206098040558,99.54882141480793
2020-05-15 07:00:00,10.0,105.0,30.950006103515648,21.132628988386656,82.1807996696179
2020-05-15 07:00:00,10.0,105.5,32.05001220703127,18.328097076482972,76.26701518378846
2020-05-15 07:00:00,9.5,97.5,30.550012207031273,21.42611818386461,135.03935343916922
2020-05-15 07:00:00,9.5,98.0,30.650018310546898,22.21165862265331,139.63952967377512
2020-05-15 07:00:00,9.5,98.5,26.350000000000023,19.16043856005845,141.60503494577222
2020-05-15 07:00:00,9.5,99.0,27.749993896484398,19.224466823810815,128.73437692807087
2020-05-15 07:00:00,9.5,99.5,31.050012207031273,26.84285251656145,124.76199455697761
2020-05-15 07:00:00,9.5,100.0,30.950006103515648,22.730288377158498,127.7024542876686
2020-05-15 07:00:00,9.5,100.5,30.650018310546898,25.948855383660675,128.4419416827104
2020-05-15 07:00:00,9.5,101.0,30.550012207031273,27.824261513327787,130.51772222504906
2020-05-15 07:00:00,9.5,101.5,30.550012207031273,24.015540364229512,128.1561305228101
2020-05-15 07:00:00,9.5,102.0,30.550012207031273,21.77604771150567,119.09546661918787
2020-05-15 07:00:00,9.5,102.5,30.650018310546898,22.473514347613246,114.8291970185841
2020-05-15 07:00:00,9.5,103.0,30.650018310546898,22.823672860605708,113.23757453026373
2020-05-15 07:00:00,9.5,103.5,30.650018310546898,21.719912939725518,108.97111239248571
2020-05-15 07:00:00,9.5,104.0,30.749993896484398,23.34153633585601,101.84941760543165
2020-05-15 07:00:00,9.5,104.5,30.749993896484398,22.76619537481631,94.3655629511744
2020-05-15 07:00:00,9.5,105.0,30.249993896484398,24.256669545005863,88.48091418344595
2020-05-15 07:00:00,9.5,105.5,33.7499938964844,24.67617229124586,85.74457698361955
2020-05-15 07:00:00,9.0,97.5,30.249993896484398,23.336810686481464,134.34863454619006
2020-05-15 07:00:00,9.0,98.0,30.350000000000023,22.468104172617615,137.635049694202
2020-05-15 07:00:00,9.0,98.5,24.350000000000023,25.779136290030756,134.8629779405712
2020-05-15 07:00:00,9.0,99.0,26.749993896484398,22.12092830828405,131.87175362534532
2020-05-15 07:00:00,9.0,99.5,26.450006103515648,21.159850577449543,124.64431440358375
2020-05-15 07:00:00,9.0,100.0,29.350000000000023,21.619968507682263,129.02411197752508
2020-05-15 07:00:00,9.0,100.5,30.650018310546898,23.847733407484508,122.52159200600153
2020-05-15 07:00:00,9.0,101.0,30.450006103515648,28.02238477050746,124.88022058954377
2020-05-15 07:00:00,9.0,101.5,30.450006103515648,31.510954330559034,123.65909576250921
2020-05-15 07:00:00,9.0,102.0,30.450006103515648,30.444186454234416,114.98066327388415
2020-05-15 07:00:00,9.0,102.5,30.450006103515648,28.89499095138797,107.48350429737803
2020-05-15 07:00:00,9.0,103.0,30.550012207031273,28.63300335865579,107.49758070974381
2020-05-15 07:00:00,9.0,103.5,30.550012207031273,26.334595058992107,105.30894837721019
2020-05-15 07:00:00,9.0,104.0,30.550012207031273,26.657926754591088,98.39714564723351
2020-05-15 07:00:00,9.0,104.5,30.550012207031273,25.167113825318534,92.22471196447667
2020-05-15 07:00:00,9.0,105.0,31.749993896484398,26.693654699678632,84.90403130182676
2020-05-15 07:00:00,9.0,105.5,30.749993896484398,23.24343342361497,89.03602159334939
2020-05-15 07:00:00,8.5,97.5,30.150018310546898,23.221072794808425,136.9209654704117
2020-05-15 07:00:00,8.5,98.0,30.150018310546898,25.86015711458046,133.90453778810777
2020-05-15 07:00:00,8.5,98.5,25.150018310546898,27.323923458980417,132.94865668021353
2020-05-15 07:00:00,8.5,99.0,26.150018310546898,25.69050838804481,129.00400623301053
2020-05-15 07:00:00,8.5,99.5,25.450006103515648,18.107633872928137,122.21431690823334
2020-05-15 07:00:00,8.5,100.0,27.550012207031273,20.198564713008153,123.92497399752617
2020-05-15 07:00:00,8.5,100.5,30.550012207031273,23.237035243143353,117.10953921371157
2020-05-15 07:00:00,8.5,101.0,30.350000000000023,26.231401184789856,120.0738166195096
2020-05-15 07:00:00,8.5,101.5,30.350000000000023,28.435824780911922,123.514916938737
2020-05-15 07:00:00,8.5,102.0,30.350000000000023,32.8278097890352,114.98329403548381
2020-05-15 07:00:00,8.5,102.5,30.350000000000023,31.828137487966185,108.47293361417982
2020-05-15 07:00:00,8.5,103.0,30.450006103515648,31.7185871690448,105.61350454429625
2020-05-15 07:00:00,8.5,103.5,30.450006103515648,30.323227798721934,101.09820790647078
2020-05-15 07:00:00,8.5,104.0,30.350000000000023,30.036644824989686,96.75485581042567
2020-05-15 07:00:00,8.5,104.5,30.249993896484398,29.558763616542507,92.03369235216776
2020-05-15 07:00:00,8.5,105.0,30.150018310546898,28.155767965010376,93.60212395325479
2020-05-15 07:00:00,8.5,105.5,29.950006103515648,25.34270719533294,88.05747015090749
2020-05-15 07:00:00,8.0,97.5,29.950006103515648,24.322298132610022,132.69537041289402
2020-05-15 07:00:00,8.0,98.0,30.050012207031273,25.53480979727096,139.72209084337734
2020-05-15 07:00:00,8.0,98.5,30.650018310546898,25.36035218987009,138.19804073378444
2020-05-15 07:00:00,8.0,99.0,26.550012207031273,23.10842842434551,132.19514783602588
2020-05-15 07:00:00,8.0,99.5,26.950006103515648,19.273170748827805,127.53070954174322
2020-05-15 07:00:00,8.0,100.0,27.749993896484398,22.387762348300917,129.6879423598146
2020-05-15 07:00:00,8.0,100.5,30.550012207031273,22.109298338906594,124.75860535031813
2020-05-15 07:00:00,8.0,101.0,30.350000000000023,22.06683155712747,115.21537411398947
2020-05-15 07:00:00,8.0,101.5,30.249993896484398,22.856524877769747,119.1373588708694
2020-05-15 07:00:00,8.0,102.0,30.350000000000023,25.559861199145203,114.20830988586609
2020-05-15 07:00:00,8.0,102.5,30.249993896484398,28.7987197398258,110.65180003336195
2020-05-15 07:00:00,8.0,103.0,30.249993896484398,28.05473971883444,106.40838977885471
2020-05-15 07:00:00,8.0,103.5,30.350000000000023,28.07266581366449,102.75291181135529
2020-05-15 07:00:00,8.0,104.0,30.150018310546898,27.94992423589116,99.12584970266418
2020-05-15 07:00:00,8.0,104.5,30.050012207031273,26.091705312914414,95.39450905132281
2020-05-15 07:00:00,8.0,105.0,29.850000000000023,24.03439604815421,90.78422765230468
2020-05-15 07:00:00,8.0,105.5,29.749993896484398,21.187242947040403,86.7015712239615
2020-05-15 07:00:00,7.5,97.5,29.850000000000023,25.17124678074762,135.90268719648455
2020-05-15 07:00:00,7.5,98.0,29.950006103515648,23.17936535080448,144.6461571475484
2020-05-15 07:00:00,7.5,98.5,30.249993896484398,22.29214834303722,151.4904922520397
2020-05-15 07:00:00,7.5,99.0,30.450006103515648,20.84901729187692,144.9542298441424
2020-05-15 07:00:00,7.5,99.5,25.850000000000023,19.688727167053187,141.35251286892796
2020-05-15 07:00:00,7.5,100.0,26.850000000000023,21.462791279472313,129.11683516407712
2020-05-15 07:00:00,7.5,100.5,30.550012207031273,20.29825887569504,123.61380156354838
2020-05-15 07:00:00,7.5,101.0,30.350000000000023,18.729907969794613,115.76303236305336
2020-05-15 07:00:00,7.5,101.5,30.249993896484398,18.196392368513823,121.37219443381062
2020-05-15 07:00:00,7.5,102.0,30.249993896484398,19.999968276441535,116.6441879656271
2020-05-15 07:00:00,7.5,102.5,30.150018310546898,21.088219599148882,110.8127387365747
2020-05-15 07:00:00,7.5,103.0,30.150018310546898,20.710563402900824,107.20195938082435
2020-05-15 07:00:00,7.5,103.5,30.050012207031273,22.110932189812228,104.14917069484159
2020-05-15 07:00:00,7.5,104.0,29.950006103515648,21.916436476880058,100.51862138711938
2020-05-15 07:00:00,7.5,104.5,29.850000000000023,19.840580059469637,95.53284708195287
2020-05-15 07:00:00,7.5,105.0,29.850000000000023,17.264451834225806,89.65802782386605
2020-05-15 07:00:00,7.5,105.5,29.650018310546898,17.818952146729984,79.4221697633403
2020-05-15 07:00:00,7.0,97.5,29.650018310546898,21.06623021039225,141.21408454151646
2020-05-15 07:00:00,7.0,98.0,29.749993896484398,22.415229161357402,148.36734160320333
2020-05-15 07:00:00,7.0,98.5,29.950006103515648,20.991185731624,156.6013707031692
2020-05-15 07:00:00,7.0,99.0,30.249993896484398,18.115711791308875,173.66108494288358
2020-05-15 07:00:00,7.0,99.5,30.450006103515648,15.448047906668691,161.58443027884354
2020-05-15 07:00:00,7.0,100.0,25.249993896484398,15.295100795550946,152.2901050487278
2020-05-15 07:00:00,7.0,100.5,27.150018310546898,15.011385133414022,135.25049157022104
2020-05-15 07:00:00,7.0,101.0,30.249993896484398,17.35426346833807,122.94155190911864
2020-05-15 07:00:00,7.0,101.5,30.249993896484398,16.870868801539675,118.57296237312678
2020-05-15 07:00:00,7.0,102.0,30.150018310546898,17.171291544312993,119.3981072409595
2020-05-15 07:00:00,7.0,102.5,30.050012207031273,17.617828830723663,116.07893990766202
2020-05-15 07:00:00,7.0,103.0,30.050012207031273,17.58753813865237,113.92677617413761
2020-05-15 07:00:00,7.0,103.5,29.950006103515648,15.924621930669108,112.19994294122434
2020-05-15 07:00:00,7.0,104.0,29.749993896484398,14.995382453603888,101.23248116200348
2020-05-15 07:00:00,7.0,104.5,29.749993896484398,15.56683086866207,93.59818399327897
2020-05-15 07:00:00,7.0,105.0,29.749993896484398,15.105158926893392,89.33602504355719
2020-05-15 07:00:00,7.0,105.5,29.749993896484398,13.536555707472655,82.22596722535849
2020-05-15 07:00:00,6.5,97.5,29.550012207031273,23.927386359653184,149.57756878783485
2020-05-15 07:00:00,6.5,98.0,29.650018310546898,23.643909491896725,144.2673223866063
2020-05-15 07:00:00,6.5,98.5,29.749993896484398,22.746920604323737,150.352225728482
2020-05-15 07:00:00,6.5,99.0,30.050012207031273,20.851490122343854,174.09788115998998
2020-05-15 07:00:00,6.5,99.5,30.249993896484398,15.315046500159998,182.07999165754936
2020-05-15 07:00:00,6.5,100.0,30.249993896484398,11.60445522820612,157.6532306847228
2020-05-15 07:00:00,6.5,100.5,25.650018310546898,12.683932956809823,141.86725571711818
2020-05-15 07:00:00,6.5,101.0,24.550012207031273,9.089647632688953,132.36403808448625
2020-05-15 07:00:00,6.5,101.5,26.249993896484398,10.31855180628275,140.1773087673552
2020-05-15 07:00:00,6.5,102.0,30.150018310546898,14.579103656696924,126.01736839339584
2020-05-15 07:00:00,6.5,102.5,30.050012207031273,12.621706583523622,124.60992521276118
2020-05-15 07:00:00,6.5,103.0,30.050012207031273,14.444834146856353,108.0219286577576
2020-05-15 07:00:00,6.5,103.5,29.850000000000023,12.323555755968233,124.95719155585668
2020-05-15 07:00:00,6.5,104.0,29.749993896484398,11.824416132078623,120.99396510873807
2020-05-15 07:00:00,6.5,104.5,29.650018310546898,12.908544148364857,103.57084248437558
2020-05-15 07:00:00,6.5,105.0,29.650018310546898,12.092912802153483,95.14740797415652
2020-05-15 07:00:00,6.5,105.5,29.749993896484398,10.955356643544055,82.28323564730061
2020-05-15 07:00:00,6.0,97.5,29.550012207031273,22.37411122781345,145.3279630396664
2020-05-15 07:00:00,6.0,98.0,29.650018310546898,23.79114698171603,147.14186438279523
2020-05-15 07:00:00,6.0,98.5,29.650018310546898,24.46021419562133,148.14846667078385
2020-05-15 07:00:00,6.0,99.0,29.749993896484398,21.651886644186536,157.87092417791885
2020-05-15 07:00:00,6.0,99.5,29.950006103515648,17.88255369848742,169.96462789899167
2020-05-15 07:00:00,6.0,100.0,30.150018310546898,12.636426607592277,152.77929979518473
2020-05-15 07:00:00,6.0,100.5,26.350000000000023,10.830533322367494,164.665670852138
2020-05-15 07:00:00,6.0,101.0,23.150018310546898,10.970178040881786,157.30743709838418
2020-05-15 07:00:00,6.0,101.5,23.650018310546898,8.60646536687456,161.06931480258675
2020-05-15 07:00:00,6.0,102.0,26.450006103515648,11.90607009384651,148.54942837075376
2020-05-15 07:00:00,6.0,102.5,29.749993896484398,12.298957208974148,130.55775482560261
2020-05-15 07:00:00,6.0,103.0,29.950006103515648,14.2544233249998,128.80557458001795
2020-05-15 07:00:00,6.0,103.5,29.850000000000023,10.114760846150158,116.44793538804964
2020-05-15 07:00:00,6.0,104.0,29.749993896484398,9.304468468379524,131.1689205469299
2020-05-15 07:00:00,6.0,104.5,29.650018310546898,10.20120333643678,129.21085488172665
2020-05-15 07:00:00,6.0,105.0,29.749993896484398,11.297353009220101,114.50011719228192
2020-05-15 07:00:00,6.0,105.5,29.749993896484398,10.856221687373163,90.2161590458912
